0,0.5,0.5,0.5,0.5,0.5,0.5
1,0.5105097269439615,0.5081161217315352,0.4978141527832942,0.5021858472167057,0.5215197250145887,0.540417089144416
2,0.522334161444686,0.5217225102457954,0.5028259775755415,0.5071540424111318,0.5262956699699549,0.5450043446175689
3,0.5459452343655499,0.5471386433529072,0.5032523024297809,0.5066282163089733,0.5455190909235144,0.5649502391992723
4,0.554324795330919,0.5577617268371899,0.4982398692910227,0.501582158798265,0.5489270579076941,0.570402461499594
5,0.5598825294896678,0.5652220388233516,0.4974968753017317,0.502326923630277,0.5518942749536547,0.5761980256379909
6,0.5660198172649894,0.5728384452962959,0.496153732187325,0.5036718182149523,0.5662887179920748,0.5903509002677234
7,0.5793340489566324,0.5770457337720459,0.499381345164541,0.5004459375648823,0.5723712806511434,0.6025733567706825
8,0.5905011041968932,0.5877745924324925,0.4944273228437661,0.4954813541477331,0.57280047536595,0.6103290469697242
9,0.6052232124237225,0.6000873940884028,0.49943775221842746,0.5004813376465672,0.6001922307715308,0.6405848281400229
10,0.6248706000823891,0.6216538170304619,0.5069086118298644,0.5128122757607707,0.6181895393459113,0.6598057000441636
11,0.6360756775521565,0.6313361345856553,0.5018949801005635,0.5077402532365369,0.6522835815132635,0.6823057341146274
12,0.6429010608157509,0.6392269435813206,0.5024028756393867,0.5071371546826416,0.6666532393400606,0.6942722746992258
13,0.6519932936787232,0.6458195173324378,0.5008330360680893,0.5086128261281542,0.6634621458387294,0.6939008019753512
14,0.6596735535077337,0.6536182423459591,0.4958943337985647,0.5035974075398985,0.6829686265420966,0.710318117721083
15,0.6666177600301643,0.6595126063102392,0.4972962271349614,0.5022005211202606,0.6860917412086418,0.7131718092846033
16,0.6757371693011646,0.6701697240092159,0.4924021991021221,0.4972582285904561,0.698460320846099,0.7263977875693779
17,0.6760143575133518,0.6718215224022782,0.4875611779786461,0.4923694657197416,0.7089641637860468,0.7412134534018323
18,0.6836236558251336,0.6805856413233494,0.4881257973093652,0.49200195978606215,0.72075934606953,0.7544617000293017
19,0.6895585075996556,0.6859971012939962,0.4833364077243826,0.4871745380948112,0.7454307525878757,0.7741864907937401
20,0.694596754758081,0.6901318677859481,0.47859875066825963,0.48239925973571757,0.7461275694715156,0.7698274432801645
21,0.7025685594755314,0.6964187556870495,0.4739122209375235,0.47767551469944275,0.7618557422360058,0.7980078894106516
22,0.7027553753931832,0.6974486367088579,0.46927622091348786,0.47300270062166483,0.7837501698960886,0.8195486622213083
23,0.7034121799711819,0.6970759588251456,0.48097335883273806,0.4814148988229464,0.7826018404472114,0.8148018945233824
24,0.7155646755005785,0.7103844902098277,0.4762776846627114,0.4767149139610925,0.7997291400886617,0.8308936559781712
25,0.7241426739914819,0.7196458549395872,0.4832171581763708,0.4799870074127255,0.8056431722660877,0.8383352954037618
26,0.7311706994357048,0.7269345901527778,0.482363841054865,0.48119883926041107,0.817280209933855,0.8496538022442595
27,0.7352636965343544,0.730136524772699,0.4776686983829089,0.47651503626438524,0.8190587335509989,0.8511172138613576
28,0.7393299232594911,0.7344720894432466,0.4730239035279825,0.4718814594856916,0.8340557971289906,0.8683771290135294
29,0.7427793258371819,0.7377574481844017,0.4740386698474779,0.47140189154091955,0.8427830371094484,0.8722546694556174
30,0.7477304406470624,0.7397958956517181,0.4724103699928655,0.4735596610306673,0.8548016910421247,0.8727058747073627
31,0.7554910901229469,0.7460829065937934,0.4678304668511066,0.46896861579303334,0.872800500613038,0.8864330799182872
32,0.759045008211814,0.7499597996084042,0.4729845638074737,0.4741116897019841,0.8811706116866197,0.8997649391074432
33,0.7623305067423832,0.7537940631856864,0.472391574006355,0.4752165436498661,0.8823203318387246,0.9007347519718679
34,0.7640445870813102,0.7545929731620366,0.47511843768947054,0.48266180001860387,0.8943970890195778,0.9197520676707865
35,0.7691756649880327,0.7591127546006025,0.4733308876421272,0.48485702637736916,0.9162737282390307,0.9576063397868229
36,0.7735831698225536,0.7644514171306594,0.4687649471784299,0.480179900135149,0.9213997432045397,0.963343331438084
37,0.7780887327821495,0.7697972100058905,0.4683898266375513,0.4810470269983327,0.9221571951244977,0.9636965830077365
38,0.781076643240725,0.7727543305475846,0.4680281549432483,0.48189547664600485,0.9270541756652245,0.9695256323334667
39,0.784706406533914,0.7765485405120048,0.47314439793554064,0.48687835057348133,0.9433799942627887,0.983047209653526
40,0.7849339571128848,0.777242587457629,0.47280730894050677,0.48759953677890394,0.9709193035241176,1.004254254304663
41,0.7834623161998246,0.7764363140107182,0.47393290798279536,0.4964522556643436,1.0010959991899444,1.0223073334236132
42,0.7867214025206485,0.7787612966103666,0.475231389296365,0.5050264398728523,1.0240087026539328,1.0375250136989393
43,0.7866117872149387,0.7791520636740515,0.4706790936891213,0.5001887340824602,1.0237787232041418,1.0371655603166474
44,0.7901507243108086,0.7780111096836855,0.46617491147506496,0.49540215819682376,1.030269693709432,1.0396609206938783
45,0.7906082387119915,0.7792291970575456,0.47187122724036856,0.4996331394962344,1.035056865938863,1.043765374763117
46,0.792540429506283,0.7811162319733888,0.46736465901271873,0.4948614333570345,1.0410402131246965,1.0465796617885763
47,0.7963509016474115,0.7857827307606383,0.46779225375864286,0.4947942347033879,1.0453028655408776,1.051021913163967
48,0.7942409588677132,0.7840094058601307,0.4633335677347379,0.4900781836759183,1.069665907521665,1.0733974642017723
49,0.797658095290502,0.7875693675737507,0.4623758286413918,0.4914795272809892,1.0915002201965636,1.0978099855827381
50,0.8018020503229468,0.7911101488134532,0.46410727759594006,0.49018701975873846,1.0967595470669362,1.100262178576419
51,0.8054970180874601,0.7942949811915224,0.45969696512855707,0.4855288770642526,1.1137202130978483,1.1289431906370255
52,0.8061130544057257,0.795414761296494,0.45533292913859097,0.4809196112774235,1.1285409861589635,1.1458902095735748
53,0.8072009446882883,0.795807894154143,0.4571565569973619,0.4797005515838124,1.137347587384154,1.1629323601398576
54,0.8095108144606542,0.7986146012276022,0.46177966749789595,0.48514999817457194,1.1360469648409295,1.1613894213597584
55,0.8121415484820955,0.8013806447998252,0.46687384300829426,0.4900229769760879,1.1347593202561066,1.1598619148056153
56,0.8146063933022825,0.801517849757956,0.46245936810741534,0.48538961795392377,1.137512579803532,1.1543228961780378
57,0.8169715476714168,0.8023232726727989,0.4580910043430428,0.48080465640941017,1.131592692229352,1.1574861290213947
58,0.8187703197883612,0.8046144402543385,0.453768228821347,0.47626754352192907,1.1397874173326674,1.1654365107220326
59,0.8194868171337483,0.8058190150003994,0.45389329754433166,0.4768020323090528,1.1535425173646523,1.177085247133902
60,0.8189491586080995,0.8066511233638538,0.4496186914477431,0.4723116798733572,1.1520965083921395,1.175417521082185
61,0.8200595948578847,0.8083673978084405,0.4453885743082259,0.4678680618249322,1.1493268717838832,1.1751492211936325
62,0.8204387208338069,0.807157544701801,0.447982514007791,0.46608940815777855,1.1573222455128356,1.182901879177505
63,0.8209197185620061,0.808134986572886,0.4466572870778215,0.468221451166641,1.1753702620534088,1.1898281639182178
64,0.823534278124228,0.8107963481635806,0.4424676193942632,0.46382951054582255,1.1794767983960386,1.1916760986097574
65,0.8244300921915423,0.8118857421425565,0.442436374921967,0.47410948875947506,1.1880824198404698,1.226445899421027
66,0.8256125371394757,0.8137329569767533,0.44293640686058383,0.4743906967484643,1.200324846300178,1.2384068713524532
67,0.8245115960847045,0.8128640013509962,0.43879408683865007,0.46995421771688456,1.2365416378544376,1.2729056934065326
68,0.8255292652523183,0.8143856563220632,0.4440372118606946,0.47490622595261883,1.2501320866770644,1.291926098477992
69,0.8269865701106143,0.8156774234334118,0.43989289409292337,0.47047379944045054,1.2772516842230095,1.3157469280783571
70,0.8281425109672025,0.8172413140200537,0.4416780805622594,0.4788482865802462,1.2874277624237898,1.31868964386248
71,0.8263959126740242,0.8163670393315788,0.4375640175559413,0.47438799726964526,1.279434631583376,1.3117224034422554
72,0.8250956928237227,0.8164173474406057,0.4408322111043949,0.4812444263844909,1.302785104101465,1.3387032979011915
73,0.8264696926943853,0.8174523567605364,0.4367342312109474,0.4767707742023678,1.31207666763969,1.342040470417083
74,0.8291697136494642,0.8208435758958083,0.4506449432659231,0.49152346749394693,1.319679006181218,1.3469369650467067
75,0.8321243844442575,0.8228361867819183,0.44646411415830445,0.4869633905404956,1.334135014805682,1.3726846883545467
76,0.8337560134578372,0.8247663929472806,0.44232621239181347,0.4824501349169552,1.3260908623534935,1.3649131543237825
77,0.8354404873923227,0.8264826252591829,0.4567485559435657,0.49650097514117825,1.3570385708984383,1.4016387002274688
78,0.8363855818254915,0.8279144517025232,0.4617734385477718,0.501158162009116,1.3684661193666527,1.410942592103938
79,0.8387450607455563,0.8306099589028012,0.46260043086320235,0.5006736965038926,1.407116906644263,1.4482533536592628
80,0.8404290192188052,0.832376567074996,0.46756125413131544,0.5052830592332733,1.4147676327149203,1.4604000552852128
81,0.8413700147456232,0.8325696136754636,0.46524788570465075,0.5078468556889583,1.412941199529808,1.4633777873103566
82,0.8424815131603569,0.8336397315662524,0.47361264727990854,0.5089426843036194,1.4149113689943384,1.4717597786684573
83,0.8443530191476194,0.8356088351561901,0.4692537478472883,0.5042586244699382,1.4167617656460016,1.470952405409411
84,0.8461323828302972,0.8379371709026813,0.4725310984698226,0.5104191219362686,1.4205217439634068,1.4774191306683104
85,0.8454937874121327,0.8377599986290291,0.47229968885023066,0.510807135875894,1.4166710322276435,1.4730448702122774
86,0.8456796568177856,0.8381729600296429,0.4803944243114877,0.521219295840823,1.4150045429211535,1.471541415837737
87,0.8452807982562437,0.8383587744647236,0.4801876764940404,0.5214112510552464,1.4345036863619864,1.4897493634377932
88,0.8474041453851139,0.8408454591942232,0.47579030561786123,0.5166363708112488,1.4303552084450748,1.4854338935227165
89,0.8497337474491478,0.8435172661207928,0.47143755906741985,0.5119099458414064,1.44471503434146,1.4992898345066867
90,0.8504021773027841,0.8444275198952509,0.4826468325695395,0.5191314883904754,1.431511333456822,1.485587357582267
91,0.8516199942422864,0.8460328767267232,0.4832918255374327,0.5184702590372606,1.4398071711845348,1.4963088055319311
92,0.8515059031990794,0.8461842471267659,0.48337527092518207,0.518370741585366,1.4359335697191133,1.4916440471142438
93,0.8532844610129053,0.8465183856074961,0.4789707868744729,0.5136473810806033,1.4430119855209296,1.503449409366524
94,0.8530482564457746,0.8463356028129796,0.49045208131429424,0.5204389374302398,1.4389793238020905,1.4988665961856706
95,0.8554840899655745,0.849199636449474,0.4859920428302859,0.5157062065928152,1.4489017576970609,1.5076968333613743
96,0.8570839519360528,0.8503425946470454,0.4836764362253414,0.5180063852128477,1.4581071993753019,1.526139598353198
97,0.8589408240981103,0.8525826910874151,0.479286801678127,0.5133051871516947,1.4586398128856728,1.525749953988376
98,0.8597450329568788,0.8537013869972055,0.474941353144875,0.5086513112994718,1.4627734666741667,1.5308243192449313
99,0.861527127058223,0.8556588841790977,0.4706396064713769,0.5040442391381107,1.4601349585892867,1.5335208266454157
100,0.8619701792485732,0.855157214989881,0.46768033081707994,0.5072325848301408,1.4637206118821169,1.529992578182296
101,0.8627301797335478,0.8560231597092474,0.4675725588774882,0.5075671272121852,1.4595340695697516,1.5252065919440465
102,0.8624425248499077,0.8560767350595619,0.46335024049533013,0.5029836460589024,1.4600160173094228,1.5248624405697282
103,0.8629288551732531,0.8566394442369938,0.46405132055184295,0.5025862770927068,1.4600062709120414,1.525008602477388
104,0.8636385710800013,0.8576942697779133,0.4650414927767779,0.5018967752776266,1.4506883357600253,1.5164372936628756
105,0.8639397532050982,0.8582446351455103,0.4608546101771073,0.49737807553173236,1.4488099073801992,1.5186122279305982
106,0.8630890112905171,0.8583147778272029,0.4636563156446993,0.4949520355837144,1.4578626996681072,1.5368355541831467
107,0.8641534373910168,0.8589905463497469,0.4684755013440937,0.49949002120490965,1.471719301900837,1.5499825264292504
108,0.8650052438538955,0.8596862910743517,0.47648512677520893,0.5097204980123756,1.4714628114894173,1.5590205253879004
109,0.8654817068758223,0.8604665937235007,0.48117964388354295,0.5141169834374575,1.4762023652265817,1.562974922471671
110,0.8663037184796774,0.861318040302335,0.49210443496482453,0.5211510094800752,1.5026912931032248,1.5898850791963366
111,0.8684971142299801,0.8637079779256127,0.4980210447283721,0.5240651590971378,1.5057706458750861,1.594926612085704
112,0.8686728320567392,0.8640768190394561,0.4980958568070384,0.5237928865814696,1.5048357200673788,1.5931952058993266
113,0.8673363617117603,0.8627820153219208,0.4936471103739558,0.5191146269573265,1.5003347512192606,1.5879050537201034
114,0.8676404965599771,0.8632486232901596,0.49351640196000607,0.519131467754629,1.495870474691166,1.5826594242009546
115,0.8677336585952448,0.863513657118757,0.4891173638383074,0.5145041056086976,1.491450453162152,1.5774657953593578
116,0.8687762866505275,0.8646279725498939,0.49018792975242287,0.5134012914064374,1.4979262783469836,1.5792810402921038
117,0.869190851027976,0.865111045389366,0.48582729051067103,0.508834149536576,1.499286521096589,1.5772345095808868
118,0.8701204461383643,0.8661332533685339,0.4883236660676072,0.5152721780773526,1.4969224385250381,1.5700315922807493
119,0.8708807787262076,0.8667309069294342,0.4859717448214781,0.5175921751386596,1.5091121088646613,1.6013515090579902
120,0.8703469105141245,0.8667469415214966,0.48707242286699576,0.5164598879586673,1.5045971092984367,1.5960183455071302
121,0.870025406792088,0.866715317348897,0.49212086604312605,0.5202404869049921,1.504808295730341,1.5949157896725756
122,0.8715263637637732,0.8684800423480875,0.4877648662262843,0.5156355867228625,1.5049148722016807,1.5939265070956947
123,0.8716173673373091,0.8689083091239951,0.48345173875550684,0.5110760085982399,1.5092927304429264,1.5975172678400287
124,0.8721396497978685,0.8692622716124518,0.49176500716309385,0.5204786777850271,1.5136275395479888,1.601072719167174
125,0.8720712812403761,0.8693513614343629,0.49183162317702983,0.5203040116306618,1.513513334476023,1.6001746992862875
126,0.8727330763604705,0.8700263151450577,0.5003955571870058,0.5292653849981381,1.5279153384317985,1.6112188598845143
127,0.8732834202719301,0.8706012699196193,0.4998079518229623,0.5295917564567476,1.5358926984644925,1.6196307838972646
128,0.8734182980571766,0.8709905704056878,0.4954103746696143,0.5249321254918914,1.557290535189164,1.6408572375149075
129,0.8742285035215366,0.8713031208416738,0.4910558464536566,0.5203181087720326,1.5501557253058669,1.637467411138268
130,0.8758511738611118,0.8730210982263009,0.490820201190782,0.5204538798537554,1.5553625213727482,1.6393940595481844
131,0.8760177275577634,0.8731612823434364,0.4865146391456346,0.5158883659121704,1.5560935195943062,1.636954621995033
132,0.8773061519552011,0.8745262900893002,0.48225111191573894,0.5113674246728369,1.5599836990416658,1.640136182453046
133,0.8776365828154157,0.8738841910639289,0.47802917177461024,0.5068905813774106,1.5551005081962481,1.6345415721183152
134,0.8785001834019677,0.8749010487263428,0.4783768867920735,0.5066747567005974,1.5677374555967316,1.6464837358667699
135,0.8801265311178783,0.8767091018773213,0.4741972318143333,0.5022478587307976,1.5656374836160307,1.6467120232114465
136,0.880522293938633,0.8766723422271466,0.473394155877518,0.5032565319593791,1.562756945612618,1.6390106580957777
137,0.8801026112023931,0.876575207294022,0.4692662997860166,0.4988682848396283,1.584950439145335,1.6673760247060827
138,0.8800373350790096,0.8754203808214217,0.4651785271877767,0.4945226497368556,1.5972903339573563,1.6789884939849051
139,0.8814196853261749,0.8769787867372536,0.4658754532907098,0.4941764152874632,1.5960497863157534,1.6778247858292104
140,0.8818606130630803,0.8776065261781276,0.4618253266708255,0.489880251923763,1.595186086573124,1.6763075515852774
141,0.8823977680365341,0.8784341358093851,0.4578144230699765,0.48562569429568747,1.600205066708295,1.686300464454715
142,0.8825625392499223,0.8788962668638505,0.4745586440919695,0.5040770490975102,1.608986094556105,1.6923860820748042
143,0.8837071138984197,0.8801095092963643,0.4704453877350071,0.49970794076408914,1.612375270389731,1.6950523851232022
144,0.883825112502581,0.8802811905922284,0.47503073624189207,0.5040399084095261,1.611298174751993,1.702392437095861
145,0.8842084473722885,0.8807668596727862,0.4754807501664091,0.5037709380745787,1.6060103092630091,1.696316585929858
146,0.8853998360366625,0.8820856523478864,0.47137184663668596,0.4994175627068017,1.6080529476870875,1.7003029433853023
147,0.8852688149058393,0.8819592314609603,0.46730252187343535,0.4951061209657945,1.5978992686893214,1.690528724998529
148,0.8843479643732216,0.8811508903830667,0.4674588079828209,0.49527403441709233,1.597180662056469,1.688759838885811
149,0.8839556617088177,0.8807858141775142,0.46985004935635827,0.5018195665124277,1.6082545302204292,1.6924537815398686
150,0.8842154606760064,0.8811850078093554,0.470297112711462,0.5016163450332932,1.6067604036418808,1.6913604607241772
151,0.8824335878603567,0.8801950592567893,0.47129132811639046,0.5008636311155794,1.6086640409806794,1.6954919291943862
152,0.8835263829282531,0.8814219610160358,0.4758328736471328,0.5051511540292134,1.6286050938495809,1.7158876279715558
153,0.8836466788644727,0.8811290272941719,0.477847780536685,0.503299428850062,1.6321788966223694,1.718708885725743
154,0.8840676266220491,0.8813600097561417,0.47375132521111973,0.4989847836646199,1.6391277482642166,1.7088268939360274
155,0.8849387232523931,0.8821234757613198,0.4748068987342095,0.4981627022430909,1.6354439094595485,1.709530796413089
156,0.8842580595563865,0.8814666125335648,0.4707446446755733,0.4939006254610495,1.6523573767778774,1.7238882339195563
157,0.8843112793056803,0.8815938427334674,0.47129696864057513,0.49365047980717397,1.6644802874881632,1.7341906584680578
158,0.8845142389639654,0.8819104928044086,0.472221805198269,0.4930249393844834,1.6637556306681058,1.7315112683107365
159,0.8845507880639879,0.8820808658783018,0.4724854394215049,0.4930577491645799,1.6624169953414252,1.7296742743441846
160,0.8847892404650615,0.8824696621893515,0.4855020598750291,0.5058990639583816,1.6823365637470278,1.7490207140243967
161,0.8851939380193679,0.8831424174249505,0.4865066008455392,0.504967724538882,1.6866539046535522,1.758057105287779
162,0.8864446004708968,0.8841840412978215,0.490873560294543,0.5091776829851764,1.6748906229350236,1.7490295623403798
163,0.8860576272340768,0.884459399892019,0.4916029792184821,0.5084478287028481,1.66785304867836,1.7439696361728867
164,0.8855867524526383,0.8833336100909008,0.49033360751147603,0.5097167691816754,1.673575188787057,1.7517270243198262
165,0.8865136457068692,0.8842825511706577,0.49465503676523825,0.5138738498279828,1.6815715240448301,1.757082495619032
166,0.8870961226123389,0.8850940475201577,0.4999545987084248,0.5169725066139841,1.6785049447201745,1.7564334728967508
167,0.8881579562110623,0.8859947884254779,0.5014186879750846,0.5153651802478754,1.6898475479321795,1.7583344147186362
168,0.8893732956537977,0.8873255685016522,0.5018269078639287,0.5148150772854001,1.6878224515837092,1.756570787659621
169,0.8895960473746581,0.887470601600652,0.5060340239812914,0.5189125071556115,1.6904588187744571,1.7586265690312781
170,0.8878198296751273,0.8865160497456599,0.5067911744519287,0.5179448915788109,1.6914542025568293,1.7622790744461567
171,0.8877024209206298,0.8864082997951179,0.5109480448359138,0.5220077560286066,1.6949725755820437,1.76336484835232
172,0.8878513756321726,0.8867624132233558,0.5066459687126837,0.5176125594405214,1.6929453487458765,1.7615330222088115
173,0.8885140248873832,0.8870821715363837,0.5082493498528026,0.5242165068437447,1.692595616133752,1.758059967797501
174,0.8884973974823295,0.8873474194270552,0.5145512776779831,0.5260447384085292,1.6983005088144558,1.7653913537177044
175,0.8872543360270957,0.8861013987040534,0.5264532809372373,0.5305910894574685,1.689451152671825,1.7535590755829888
176,0.887107742574923,0.8859720101850997,0.5304245288828003,0.5345276369966648,1.6954190389197976,1.7606483969264914
177,0.8879063156157367,0.8866376912089938,0.5310106772326555,0.5333973325314617,1.691258741022364,1.76098785408205
178,0.8875883438517039,0.8858331149433033,0.5328041727590929,0.5394342032820715,1.680222753706701,1.7514999493150947
179,0.8880165796418067,0.8861746034590302,0.5283493656384205,0.5349239620850647,1.6793572475222327,1.7487557967067615
180,0.887727636782718,0.8859290108890246,0.5284631390859672,0.534281685379275,1.6782096972787957,1.746327446567372
181,0.8876512133773723,0.8861373909791298,0.5267649857393799,0.5354562737247727,1.6894489965903547,1.748234579843116
182,0.8864806408990727,0.8855054021154807,0.5317108690707474,0.538327726544646,1.6800342287673864,1.7373287847009578
183,0.8868428855531079,0.885526198776777,0.5328358288527985,0.5366195076415845,1.6743711202636906,1.7311885453801694
184,0.8877539175708519,0.8866348906525046,0.5367223348552221,0.5404745358654625,1.6796282305605108,1.7391961550955224
185,0.886854374859418,0.8859519250771379,0.5359711424105116,0.5405841418106136,1.6776893410947165,1.7376541771503125
186,0.8880180943748652,0.8870092405033443,0.5315211155383541,0.5360958144225004,1.6748912396178306,1.7370037910681586
187,0.8887389927931472,0.8879139193083705,0.5309274069148415,0.5361286786557167,1.6686288790933255,1.7315552766963034
188,0.8879811766643249,0.8876476907146845,0.5297138003646925,0.5367866486187334,1.6681889329224502,1.7286792381734017
189,0.888364177727964,0.8876308823933411,0.528528791597803,0.5374211756420467,1.6741355120792512,1.7360031706191634
190,0.8879729314016587,0.8873497070907365,0.5241580744801644,0.532976922142329,1.6805132347148242,1.742772978530198
191,0.8882280572893959,0.8879170458292918,0.523451336130392,0.5332116496657638,1.6903996236315433,1.7541736619092467
192,0.8886963597067219,0.8885930162401369,0.524447731612989,0.5317476106694988,1.6823218261768034,1.7503292968180229
193,0.8884787647427874,0.8882973109264972,0.5201237546020584,0.5273634474716133,1.6769221697429944,1.744426251224638
194,0.8884963759292455,0.888489475838742,0.5158397141853001,0.52301977675229,1.7011699665435254,1.7579884928021121
195,0.8894929999755704,0.8895421351607137,0.5233263012924767,0.5316701334468552,1.691897748571975,1.7470259026736497
196,0.8892201521762649,0.889260020117094,0.5244425876233658,0.5301017696937719,1.6835462911783248,1.735780303787615
197,0.8895105373026059,0.8896446327167752,0.5363937671497845,0.5423383960134442,1.689836652339439,1.742471818259185
198,0.8894606228153102,0.8897089163309928,0.5361357208818995,0.5419505473500148,1.704646126815899,1.7569305468405814
199,0.8893823311470073,0.8899991026776883,0.5317418211532922,0.5375089922172905,1.7104499554381987,1.7637348649561932
200,0.8889288598330808,0.8889625076999428,0.5273882873365332,0.533108240797448,1.7098687365762442,1.7604337868693571
201,0.8899826329758881,0.8901565894116946,0.5312538372873874,0.5369270065378662,1.7079511464606376,1.7585047141798098
202,0.8901956012880395,0.8904756650687232,0.5312149039161094,0.5364088376924199,1.7176426515175056,1.7695146697828266
203,0.8900685543504019,0.890355393655316,0.5307397460148611,0.5363319977048799,1.7324120042084625,1.7834198876204994
204,0.8907267851050671,0.8910075016965574,0.5373587872240067,0.5454752590877466,1.729232023067987,1.7823937871301407
205,0.8907427153183933,0.8906297124644796,0.5411276814484995,0.5491780326920143,1.7432689947678388,1.7886282889897864
206,0.8901644926503154,0.890281287598357,0.5367238053919487,0.5447086402142868,1.751917486549165,1.8001593117184052
207,0.8910209684815394,0.8911811558689201,0.5391550075095639,0.5497455728123032,1.7633999685272927,1.8085789291479275
208,0.8913878847419039,0.8913181806782561,0.5347759525997864,0.5452805005859093,1.762196507346713,1.8132588078402068
209,0.8896569344987401,0.8903474673515919,0.5413814131578412,0.5542533704937489,1.7641265199829264,1.8147743132669103
210,0.8875434219744727,0.8886981452148092,0.5431479794081893,0.5598174462131552,1.7853276175825732,1.8375157915888207
211,0.8874774923660036,0.8887832605727674,0.5424992955172058,0.5596323427896032,1.798913307124012,1.8512774403178838
212,0.8863492266937708,0.8877545944557355,0.542147731926574,0.5591576974812866,1.7965184818725997,1.8484124519556473
213,0.8861862339967673,0.8877445393658407,0.5414900805044272,0.5589966428583403,1.8099682403678101,1.8620768900265556
214,0.8854271012241836,0.8871679040844789,0.5371183690844166,0.5544835924898924,1.8273510887398035,1.887709199249061
215,0.8852715400907167,0.8869048210669797,0.5327862868549461,0.5500114525374774,1.8188812530461325,1.8823463670782714
216,0.884854274963722,0.88648538914961,0.5365507926769497,0.5536371691187707,1.8122832418431258,1.8752369974424283
217,0.8851884940808357,0.886870047190428,0.5322319345461494,0.5491807776233218,1.8021665660026644,1.8637210174458005
218,0.8859062810334325,0.8872792738093797,0.5308389710281759,0.5499190808099899,1.8066442438539465,1.8699712769564434
219,0.88569049240222,0.8870964752683339,0.5265746262854833,0.5455014614015724,1.813066369186853,1.8741801959207163
220,0.8865991626911262,0.8879556697656802,0.526804673634993,0.5446929898995383,1.8101106390032662,1.8716206432313136
221,0.8869781748446791,0.8878108756271168,0.5305983594968149,0.5483432621460442,1.811633896339171,1.8726527947930964
222,0.8866964452150797,0.8876982538865381,0.5263487157126973,0.5439514967102227,1.809653951386319,1.8691521825005726
223,0.8871428341042364,0.8876991697052664,0.5221373214792088,0.5395992600120841,1.7976062079266,1.8597664003010517
224,0.8870608214511587,0.8878813881915052,0.5179637988464346,0.5352861614618624,1.808214525013405,1.875876351248967
225,0.887739062851351,0.888722584863909,0.5174229224176158,0.5354018283211365,1.8009659357857557,1.8696772016910168
226,0.8879757569060794,0.8891349010631143,0.5174967033333834,0.5349066548065662,1.8063294903321956,1.874918167474995
227,0.8888823618468407,0.8898191115587503,0.5133726645568533,0.5306438725085596,1.8174840611713143,1.8822422159406504
228,0.8888018951359153,0.8899968873250699,0.5117885970432269,0.5318775136922688,1.8273505984101492,1.8827276806699151
229,0.8890104518665127,0.8904135829920373,0.5077181962997166,0.5276473400625766,1.8159291751599953,1.8725958263151992
230,0.8882878770988065,0.8900651017884532,0.5036842046240915,0.5234550046430644,1.8141944515811992,1.8688599875226666
231,0.8888224949114462,0.8905035712525512,0.5053353636924489,0.5215884309599836,1.8292729291997836,1.8801346631554816
232,0.8897866536594262,0.8913975331677098,0.5013283265163518,0.5174525157170703,1.830626702889129,1.8810851306971788
233,0.8886576973060984,0.8910351180380329,0.5025097710893777,0.5161222980311544,1.8216648200171606,1.8764914074726562
234,0.8882801192639808,0.8907652390303838,0.498533100639832,0.512037903241213,1.8391603134635215,1.8930390847641634
235,0.8877539777664352,0.8903387431485129,0.506340492686543,0.5199583569118802,1.836369097572196,1.8900417456727532
236,0.8877070432243498,0.8900693834737252,0.5023415133310085,0.5158518262964916,1.83591644611056,1.89265515976265
237,0.8877686310817452,0.8903175010812032,0.5020671017664899,0.5159826939963497,1.8445890894871468,1.901903888547901
238,0.8881187761286546,0.8905887858821924,0.49810979535926997,0.5119157045166923,1.843529666526363,1.8970794338431909
239,0.8884277475065618,0.8909983595329034,0.5020617535237818,0.5157589528978518,1.840724372550442,1.8940530629487453
240,0.8892092219024299,0.8917638014159248,0.5042797497055699,0.5212670526849779,1.8532414072569303,1.8993549001351955
241,0.8891627001359844,0.8918219913119952,0.5003169095189365,0.5171707192003316,1.8541941696609243,1.9003463318729867
242,0.8891833753703162,0.8919646646148957,0.49638914071342166,0.5131106385207602,1.8599621016164904,1.9043559566816934
243,0.8883390442408177,0.8917405257846918,0.5003388172230665,0.5169291730864262,1.856186095921376,1.9021376335709634
244,0.887979846047126,0.8910474755738899,0.5042536008033354,0.5207139732800254,1.8494784962614015,1.8950707799474944
245,0.8865650249781217,0.8907642744474111,0.5035568389272169,0.5290423582031232,1.8439631486060841,1.8884826383181985
246,0.886324294538796,0.8906839573295142,0.5113572542293194,0.5288062647827662,1.8504868766961693,1.8913499348464333
247,0.8869460198715454,0.8913152408025125,0.5151742415625233,0.5324869507939185,1.8669071393638017,1.90819251435133
248,0.8870395357481935,0.8914234220696812,0.5111540281432829,0.5283316359267402,1.8679457440377951,1.9089089442398848
249,0.8874350165789902,0.8917432964190146,0.511845422926623,0.5273324188139521,1.8627361115434897,1.900266573428463
250,0.8869780455096155,0.8913614737359483,0.5078591667647553,0.5232255498068397,1.8638051237816635,1.9010432981355863
251,0.8875817866213951,0.8920853942364247,0.5130273634150877,0.5255957308230341,1.8836456942486355,1.9219333781448724
252,0.887054891053758,0.891070123024844,0.5090398852280901,0.5215105656616971,1.909635910238766,1.9518614202493116
253,0.8870703233641181,0.8911339244428215,0.5050873540136215,0.5174612036190167,1.9109943102922664,1.9515784847766215
254,0.8854234206808693,0.8900212352529314,0.5011694328153643,0.5134472994837729,1.8992687345196213,1.941103959255148
255,0.8861794414728216,0.8907108892351909,0.5015531679989098,0.5129502968301786,1.8957819379183662,1.9380785692182096
256,0.8858648731728653,0.8903189955726251,0.4976704344296231,0.5089793333033718,1.9043301640717212,1.9462993565340758
257,0.8860782279538504,0.890536410898763,0.49382160948043596,0.5050430489249681,1.905070044172952,1.9467146602412289
258,0.8870917832895626,0.8915407553515164,0.4935419093340005,0.5053315206664316,1.905803468485513,1.9471263402356171
259,0.8873085682861049,0.8919099624610641,0.49385915415216225,0.5050229709748972,1.9065304990027223,1.9475344313148957
260,0.8876203076499395,0.8921778232139032,0.4946160545485662,0.5042746899704283,1.904105490450863,1.9433741586785558
261,0.8881421355169368,0.8928244249141186,0.49371383547465847,0.5051854534276561,1.9096392523702963,1.946718058481703
262,0.8887507282942649,0.8933684639891957,0.48991465308511145,0.5012979956733632,1.9145845414510017,1.9505733100832094
263,0.8900174105836296,0.8946697978624509,0.4938358928588912,0.5051317269233526,1.9343424843257009,1.9702890501645596
264,0.8901443490972978,0.8947956952226827,0.49004336387240743,0.5012524489201703,1.9314594366130653,1.9745355247728424
265,0.8901001322943738,0.8948267573290037,0.48628372202731646,0.49740681030765505,1.9214258425973443,1.9620590043796844
266,0.8904942883860819,0.89529323190113,0.4902080988239391,0.5012718269277145,1.922041011915836,1.962336853738408
267,0.888935067103098,0.8937076859989016,0.4941114381317556,0.5050904542487403,1.9263631561468677,1.9665567277693692
268,0.8894984176726156,0.8942095869456297,0.4903319412941665,0.5012269780625839,1.9218283303704047,1.9642615399533827
269,0.8884001056963386,0.8931888286538215,0.4865851028344782,0.4973968859142293,1.9147862676508733,1.9568952267275421
270,0.8885889356168702,0.8932625580403815,0.49050440688031044,0.5012336550250586,1.9154367718099856,1.9572242797277846
271,0.8892645739859257,0.8939422504980936,0.4913104858393111,0.5004905829688904,1.926787251156733,1.9697234083849835
272,0.8897390140377355,0.8941682823476418,0.4875674159677631,0.49667757413618846,1.9228335641862464,1.9668469906946269
273,0.8908439884102405,0.8953019082680697,0.48761164775345595,0.49675325259450465,1.9271759445888113,1.9709551715118887
274,0.8902694994710061,0.8951227884232366,0.4839041799928783,0.4929762782801269,1.9245233118381715,1.9667790253370163
275,0.8890112486217637,0.8939908109487869,0.4843719358187439,0.49268413204823697,1.9168098977054013,1.9601266344405033
276,0.8882313584403413,0.8932898325610025,0.4806964589367727,0.48894558114644615,1.9098576362190924,1.9528365132831416
277,0.8889722572307098,0.8936080431525594,0.4770525178123515,0.48523910718014235,1.915399582253528,1.9483354553895311
278,0.8888594506743,0.8935679015518064,0.47727493214659045,0.48530225717127995,1.9276428797559488,1.9598429927614118
279,0.8881994873386135,0.893037821699414,0.4853432940464916,0.4926478118313947,1.9130594933183476,1.9450159996086598
280,0.8884272905030064,0.8935388233379846,0.4862935766660147,0.49186386885532085,1.9137165755325867,1.9454315597440195
281,0.8890759779484833,0.8942792739355323,0.4826219223685661,0.48815015727347394,1.9143680398361382,1.9458435669301817
282,0.8872389735551116,0.8931036557427426,0.4849400850258205,0.49359518997334695,1.9150140216846545,1.946252137160748
283,0.8866752546364127,0.8924824385042585,0.48128596552588715,0.48987585254497396,1.9200715105624309,1.9497763569138014
284,0.88716786994273,0.8925376510701178,0.4886108217184931,0.4902957470139323,1.9193067938564563,1.9590484819109677
285,0.8877341412482358,0.8930977278068214,0.49245654123421684,0.49412879565125967,1.91809694792335,1.961173113514753
286,0.8880760332803215,0.8932119266345333,0.4915612896810397,0.49512482655347145,1.9111996287768258,1.9539521792397572
287,0.8879303068675364,0.8933283655096937,0.48787206454756066,0.49140885665780343,1.9096719938881368,1.9564918657419113
288,0.8876423547819716,0.8930290427603017,0.4890253323609312,0.4904109325395008,1.9007278054797399,1.9514469289221095
289,0.8879627176480449,0.8933366211362885,0.48920837337199896,0.49038191641421547,1.9089614888938642,1.9593007199111772
290,0.8879800130351722,0.8934822824661651,0.4855478053445126,0.4867125671916943,1.9293462222681006,1.9699415453672482
291,0.8881575583047814,0.8934668036869389,0.4819182593752896,0.48307431444505206,1.9346062158670654,1.9803965400608425
292,0.8886042337939932,0.893911941221475,0.4891346767623482,0.4910546922214245,1.9350945560714525,1.9805429325316304
293,0.8888884604693164,0.8942706533912386,0.48912200759411517,0.49121515308325037,1.9279320382771854,1.973416839701371
294,0.8888641296947626,0.8943267836731024,0.48547669625704076,0.4875542420249137,1.9265388775078525,1.9755452241154265
295,0.8883194832463579,0.893785684557201,0.48565903592518195,0.4875726955401066,1.915992054041573,1.9644851147503324
296,0.8881076298355893,0.8938218743167501,0.48541767660949986,0.4954510281520506,1.915920820224075,1.980320923142426
297,0.8877208091785501,0.893517285682439,0.485708081126989,0.495302777578318,1.9087510229850086,1.9734008107368153
298,0.8873668222300737,0.8931983752208529,0.4908235722418894,0.49775125651113244,1.9094283658332574,1.9735982572907926
299,0.8882861715232547,0.8941110392499527,0.4871838238582045,0.4940601352328931,1.914893038391541,1.9764166059096164
300,0.8890558083738268,0.8948639782783219,0.483574677322849,0.49040004772996304,1.9155235806620685,1.9765913703819897
301,0.8890661306988197,0.8948083792025073,0.4799958486213509,0.48677070597917427,1.9105981397775558,1.9675136891682115
302,0.8890337459581392,0.8949982047290251,0.48138208188179954,0.48563018023083826,1.9136991726325336,1.9801006033398965
303,0.8893115887373605,0.8954158235471567,0.4807895014233611,0.4864664078232258,1.9143388286822263,1.980249964649634
304,0.8875023655491513,0.8936439049133795,0.480924245943124,0.4865732691352073,1.9112745836964122,1.9767133916478516
305,0.8879716556904462,0.8940156436637581,0.4826287443462242,0.48510835414572284,1.92456628201321,1.9863856663876802
306,0.8871224917771969,0.8932500049264609,0.4823646675008636,0.4856100106808371,1.917770150318055,1.9791330377382768
307,0.8872712166177774,0.8929855013086041,0.4813885364743477,0.4868217361797518,1.9135909562431446,1.9767141581248544
308,0.8870024719701061,0.8928954844128496,0.477850738380658,0.48324400866916906,1.920160282652202,1.978774436606013
309,0.8871642886037211,0.8924445979903007,0.4816842578503014,0.48703793178547866,1.911176862881512,1.9664744351322951
310,0.8856870153414417,0.8918022824750395,0.4901779698140127,0.49344256509434326,1.8971593943530074,1.9520513882433024
311,0.886380642201324,0.8924804223718739,0.4865863678127308,0.48982704295045143,1.8979129217426354,1.9524027143770903
312,0.8875961582359297,0.8925458411079261,0.4830246454814645,0.4862415994757871,1.906965963396813,1.9444475462474202
313,0.8881126976129625,0.8929351319200858,0.4847603636695625,0.4847306218445684,1.9003337756443528,1.9375412744840734
314,0.8884809477379937,0.8933770688346759,0.4812190969719815,0.4811895724166783,1.8973738499932205,1.9343803634618175
315,0.8882719436072327,0.893133563106253,0.4777072135414219,0.4776779044530385,1.8884851355951555,1.9230710946682565
316,0.8869072753692188,0.8915367324324638,0.4742244439569657,0.4741953485492609,1.8914082773379168,1.9215218231144715
317,0.8864969980605668,0.8912991383238911,0.4780538290345604,0.4780249455376582,1.88147357448861,1.9109690909320243
318,0.8871794757215474,0.8918109547766059,0.4766333531188081,0.47976499351432883,1.8739574915207138,1.912719338969944
319,0.8882037279086303,0.8928749701260316,0.4731688218151485,0.47627769908234197,1.8898311798363514,1.927471266586783
320,0.8881022629448682,0.8929508425028172,0.47699440134254184,0.48008070352739574,1.9091075305958642,1.9458290954945197
321,0.8885646272108499,0.8934459580480749,0.4735341730492818,0.47659808648049096,1.9097668859314456,1.9462220641167538
322,0.8889315688349212,0.8939519528945238,0.47734946136989903,0.48039117067591897,1.9162910185798598,1.9552355407500757
323,0.8888059787399473,0.8937398231257768,0.4738935760756149,0.47691326420153335,1.9154267106846072,1.9570299627655954
324,0.8892730099926972,0.8939591009630079,0.47769864206182394,0.4806964902860526,1.9232709395191572,1.9645732780176146
325,0.887925995383313,0.8926420310785677,0.4742471387049505,0.47722332665573847,1.9130271461660988,1.9539516070507321
326,0.8886329607891807,0.8934150605613527,0.4780420501308489,0.48099675580262036,1.9288257592538354,1.9679853576434456
327,0.8889147560654628,0.8937668308547215,0.4786588997739746,0.4806752706708579,1.9212111188307066,1.9619224014678733
328,0.8890010749339107,0.8935634961017794,0.4770366607127406,0.4825904513298638,1.916400938184299,1.9603708729606366
329,0.8897264699272771,0.8940627965969429,0.47549318368566423,0.4844244690257847,1.9207815209763088,1.9712699535650369
330,0.8902240445046958,0.8945211206467879,0.4720747503372969,0.4809418265474067,1.9116923905975038,1.9595675482851
331,0.8897347261775974,0.8940910913178188,0.468684285078639,0.47748767748906507,1.919508672118599,1.9670399879491165
332,0.8896156642376636,0.8941889914642922,0.4747724836408311,0.47896056150013566,1.9176367884095222,1.9625509974112723
333,0.8896548522446166,0.8943895936952926,0.4743252269875153,0.47973944589562456,1.9224390744290707,1.9657751920225215
334,0.8897904745302293,0.8946724063013914,0.47808934108188555,0.4834647912707252,1.9229944523707136,1.966020260055066
335,0.88921356627219,0.8941077406164488,0.4779003328215571,0.4839288174649642,1.9249282765816587,1.9648803558878856
336,0.8889061939660717,0.8937833559864704,0.47987288207969436,0.4893752769767265,1.931675616951259,1.966066702141767
337,0.8880036965903048,0.8932159806984744,0.4764470271542315,0.48588158361409123,1.9363095832669142,1.962162762449587
338,0.8890384751736172,0.8942881035817684,0.47644788674932803,0.4861493945918807,1.9367638297147278,1.9624326247485009
339,0.8895436447360577,0.8947424250658074,0.4801781036680746,0.48981048996995213,1.9277058632589046,1.9579592835533317
340,0.8898505031144276,0.8950779954386088,0.4838780416573871,0.49344186749219404,1.934963521827529,1.9657508330075855
341,0.8896044315900049,0.8945754104448367,0.4844387907696351,0.4930423871863273,1.9394480975821526,1.969118413288826
342,0.8896590526284284,0.8944728932052755,0.4809975885164881,0.48954006944049394,1.9398782293207135,1.969337782081367
343,0.8892282845804519,0.8941450303009038,0.47758424583169196,0.4860661060468458,1.9293557937349473,1.9592153122683567
344,0.8885440977763535,0.8941035454488144,0.47980394926028275,0.48410409578903235,1.9328246549201888,1.9707154471563304
345,0.8887459280638895,0.8943658160958181,0.4834880835695572,0.48775777558536126,1.9301248488999794,1.9670161982718903
346,0.889241890758579,0.8944320685609477,0.4973291001527305,0.4953455727524223,1.9294152909383413,1.9613783712978294
347,0.8888899704959314,0.8941130356575624,0.4938139515738747,0.4918444438509193,1.928189385847961,1.956309655080129
348,0.8887351502683154,0.8941624694943935,0.49296925454780766,0.492790406785723,1.9304732097985537,1.954841413711433
349,0.8892050987143922,0.8947102833912318,0.48949188329188437,0.4893142971096271,1.930963647177778,1.9551599593863276
350,0.889072438233611,0.8947976640618903,0.49002763305748276,0.4889278976664957,1.9296060032064557,1.9573251960825797
351,0.8891924488844637,0.895145905569202,0.4924166614752971,0.4937268564320259,1.9230617279698123,1.9505857822313055
352,0.8888877512086026,0.8948692541327957,0.4924388845790644,0.4938020832124217,1.930697951281207,1.9579040095423106
353,0.8880475284507947,0.8940771134878484,0.492651554784724,0.4936860808290885,1.9351764975365033,1.9612341151065202
354,0.8875284354563675,0.8939540651748533,0.4920479900190825,0.4943855383103056,1.9286127277997038,1.9544874534749075
355,0.8876110553768544,0.8941126494601512,0.4885978801852271,0.49091903820860994,1.929113712849424,1.954807036985029
356,0.886980348935516,0.893764286265844,0.4851753858114797,0.48748028475843636,1.9279857304357635,1.963752849819604
357,0.8870708681734196,0.8935738379783539,0.4887779868731393,0.4910667567711646,1.9336318165471396,1.9658620723266038
358,0.8876875138305741,0.8941102653278387,0.48536107157035024,0.4876338412942696,1.9331252613440717,1.9670712386912916
359,0.8878258824090893,0.8943084196243763,0.48611244871499787,0.4870710607517357,1.9307495706072948,1.9631601927366689
360,0.8873656985635828,0.8936107759211119,0.48272095724222913,0.48367288126972774,1.9261492227724832,1.9615240571558543
361,0.8879444469461409,0.8938874323943995,0.4793564935490525,0.4803017828659981,1.9183557935773008,1.9491911981283814
362,0.8881601659732615,0.8941351584012764,0.47601881880536584,0.47695752623947246,1.916215511304884,1.9452909036648094
363,0.8881317489022986,0.8941145884701026,0.4761239666899508,0.47717946851929105,1.9410821680572852,1.9700786398495755
364,0.8886698802757413,0.89464062545581,0.4728154231693616,0.47386359040942944,1.9414915828835886,1.9702865607466082
365,0.8875339074809476,0.8931017403132201,0.47380002814240046,0.4732491379383417,1.9562901492367515,1.976926327816573
366,0.8874012049278102,0.8927101566633393,0.4774492396871979,0.47690216992213585,1.959313121277601,1.9743665351819728
367,0.8869483039515567,0.8922143455480984,0.4772282587307428,0.4774394087156443,1.9703643662432497,1.9845590591838647
368,0.8868426349705926,0.8918833542147151,0.4739252799561934,0.4741349685357702,1.9713425462388794,1.9838928619057794
369,0.8868930010149094,0.8921574233493615,0.4744602865510068,0.47395908658100805,1.9677288447491934,1.9809018230539344
370,0.8877460245393599,0.893054394044248,0.4780746266965932,0.4776083748395304,1.9783048961221987,1.991402627220227
371,0.8887399701586343,0.894103636233699,0.4747757016989435,0.4743126671845728,1.9853550412877725,1.9983623922858753
372,0.8890242304277063,0.8942895567077821,0.47839635768204997,0.4779365151157485,1.9963623962591288,2.0081479109566733
373,0.8879883059760407,0.8931123056165717,0.4819884606199415,0.4815317848295199,2.0012709402714646,2.0169816106835277
374,0.8882872894152579,0.8934405974645281,0.47867249129319633,0.4782189573267748,1.9875026582594935,2.003105242886431
375,0.8869376707362134,0.8928703217167488,0.47981920105334463,0.47736852801850355,1.985588306146811,2.005084166721584
376,0.8873370175669,0.8933631766357937,0.48415034934844614,0.4801973531048463,1.983393612923143,2.0004768905380472
377,0.8882158159709326,0.8942716045384083,0.4843959438055838,0.48019630348729475,1.9802148181721315,1.9969071606093747
378,0.8883414495002758,0.8945322236155031,0.4810767150546396,0.4769058519527297,1.972352788466385,1.991270440338893
379,0.8884622936184569,0.8948591215190486,0.4834823406390294,0.4816333109891089,1.9656965901141379,1.9844847420306404
380,0.8875511588331938,0.8945941182578453,0.4801759914910424,0.4783396066413426,1.9727697995133873,1.9914294651677045
381,0.8883023895984615,0.8953593981310771,0.4768955352859124,0.4750716962114741,1.9756395927538686,2.0092995995466643
382,0.8880389804393292,0.8951640829236155,0.4809443738256689,0.47817562947271947,1.9748484984583765,2.010193483149848
383,0.8883522941446996,0.8952725326286137,0.48733155589493327,0.4857034304799144,1.9818381136331173,2.0169421116597115
384,0.8873101524848636,0.8941498091773369,0.48761253346641414,0.48560612009057763,1.981961820071596,2.016826713736445
385,0.8870655160970528,0.8938692192016735,0.487606146887315,0.4857947405119324,1.978772984974592,2.0132192859008136
386,0.8868469751383029,0.8939038400034962,0.4842915440193695,0.48249245105062705,1.9808640181097148,2.0103591673217203
387,0.887119479901583,0.894016841645619,0.4836807541735975,0.4833288078279691,1.983863827709752,2.0074189614228284
388,0.8860945026045441,0.8931552405626227,0.4910625168486199,0.4897391032217072,1.9762153191329237,2.0015583617688875
389,0.885967106530165,0.8932731712692606,0.49451176058488344,0.4931973161856544,1.9791161580255083,1.9988081583070665
390,0.8865976571153844,0.8937507502824625,0.49116363471464153,0.4898580898515789,1.979257554664663,1.9988162291443634
391,0.887237269653642,0.8944417346082866,0.49460530291614335,0.4933085884994627,1.994031570966107,2.011245725614786
392,0.8871559310972122,0.8943504417055965,0.4980202756760779,0.49673232321205707,1.9947333066410022,2.010508412406762
393,0.8866153594928219,0.8939077008237174,0.49465849564645664,0.4933792372318232,1.9917369206079067,2.0067191358287326
394,0.8857730801466919,0.8932977434940214,0.49513711851095055,0.4997248229632874,2.0063017087946218,2.0123953858168324
395,0.885496316358322,0.8932446505381733,0.49752387904559797,0.5041094768958218,1.9956468561773761,2.0027138814325887
396,0.8853978297220176,0.8930970948262392,0.49662373846654967,0.5049986248800158,2.0042398301974806,2.007592073756475
397,0.8854803028219369,0.893168393927717,0.49328476809347005,0.5016033472959703,1.999360512949385,2.0056685008673227
398,0.8854944959411991,0.8929843496585901,0.4899715616179456,0.4982342680827017,1.9969141941607453,2.001364421403172
399,0.885798586563746,0.8933953714212091,0.48668389800021283,0.4948911624729103,1.990225101752733,1.9946454433946974
400,0.886225064307365,0.8936771512727054,0.49286662974271334,0.5022383377142414,1.9997360325747804,2.0053463524070527
401,0.8875806447991454,0.8943134088422561,0.4923603914809021,0.5094738561748444,1.996943556835152,1.994711792786677
402,0.8871689179677508,0.8939020018159527,0.4989350309511451,0.5162665608547633,1.9937853757681823,1.9912359908512776
403,0.8880260726831738,0.8943861332568154,0.4956005877715348,0.5128162889638093,2.000510029847244,1.99797768277811
404,0.8884978062899708,0.8948302748838217,0.4994289059377211,0.5156082172275944,2.0102909239789173,2.008236209143623
405,0.8885305063863016,0.8950111744015301,0.4987608157662153,0.5161760132745674,2.014204457065543,2.017538640593485
406,0.8878528657185156,0.8948623171092877,0.5111182151212834,0.5303714950059054,2.016864669783204,2.027993123738974
407,0.8881420875483053,0.8952548234510229,0.5077159864167557,0.5268411079623833,2.0386197514507134,2.0525345420960956
408,0.8887205938571576,0.8948224100286372,0.5043397823426795,0.5233377258694795,2.0450127658588597,2.0588349932669447
409,0.8876663441479221,0.8936059957585069,0.5009893813893141,0.519861118873417,2.0426015728062925,2.060556310875723
410,0.8876771142464728,0.8934197148483151,0.502443501365972,0.5182686244996108,2.0394205051819023,2.0630856632791446
411,0.8875529968635189,0.8924125504340662,0.5010881170163634,0.5194866901614739,2.031827383139188,2.0633707498530947
412,0.8876537207375595,0.8927704490039797,0.5002571815946932,0.5201813536404543,2.026640797010742,2.0546803301153425
413,0.887832702069091,0.8930510716284575,0.503563791335222,0.5233561326493905,2.0330811572571297,2.060935166966426
414,0.887651426691422,0.8931354358634777,0.5028868924982105,0.5238550905327836,2.03816581572103,2.068449078730746
415,0.8871145951856464,0.8926205255555301,0.5064241363632724,0.5267446613889586,2.0315651039085534,2.061139185750489
416,0.8874523789189998,0.8927447610575133,0.5072351746674181,0.5257148150700846,2.043812330395826,2.0680708154689746
417,0.886639155990019,0.8919619611961426,0.5104214108342607,0.5289016407771936,2.0336688777329535,2.057706307196383
418,0.8863840942747429,0.8920595885271942,0.5115117204150873,0.5275524430774932,2.0355801055001757,2.0617771220319745
419,0.8866577733099449,0.8921746220093999,0.5121708126696236,0.5266364241808199,2.036815704868394,2.0599012013983478
420,0.8865635520062604,0.8922669138379931,0.5174614166054999,0.5276613067275102,2.034331243238485,2.0551797194732577
421,0.8868460757105738,0.8925285452041182,0.5140648510882897,0.5241977901411845,2.050804870661179,2.070938059572783
422,0.8859893360570444,0.8919584070589349,0.5147743048863801,0.5232374351801814,2.0447880110591585,2.0695992705335255
423,0.8866912034543716,0.8926716198332872,0.5207365586979447,0.5301277472436029,2.035160184076889,2.0588254118817297
424,0.8871509326256635,0.8932209208045292,0.5211557954022038,0.529375642373895,2.0333227934772107,2.0535035002736644
425,0.8861974664743308,0.8918789675809076,0.5177486362784111,0.5259147443742174,2.0421456639360405,2.0637260792947423
426,0.8868194574305069,0.8925081996040187,0.5143671353237698,0.5224799092330872,2.0332252998755997,2.052361487444278
427,0.8869561025607017,0.8925975025033737,0.5110110772411434,0.5190709182576279,2.030172331315146,2.0483313978902484
428,0.8874703559437956,0.8919949563278695,0.5128053805791,0.517080537039211,2.0327616292285584,2.058266632084077
429,0.8873649265178936,0.8916078344720922,0.515977796717895,0.5202251150722279,2.0325482987683343,2.0578872232482883
430,0.8875039801158561,0.8917751208849989,0.5160207679892753,0.5199466405670983,2.0292309319432187,2.054111207830592
431,0.8872493468183471,0.89154836094802,0.5158434683420392,0.5198902028048561,2.0356860524784404,2.060111900814678
432,0.8878132007598397,0.8919889529908579,0.516339493309435,0.5191621914937408,2.044845269316498,2.076299129748576
433,0.887779293178217,0.8920319154199577,0.5161802118149967,0.5190912230866205,2.0444478005020645,2.0759109039295285
434,0.8872426081182994,0.8918569189155466,0.5175490580182179,0.5239729714888398,2.0524050145604904,2.080132477633268
435,0.8873904136706451,0.8920159188304785,0.523693321501095,0.5305052439214707,2.042142051075419,2.070119632748542
436,0.8869051312388513,0.8918823479173327,0.5203070276547288,0.5270749029772573,2.0414291569244516,2.0681052417778854
437,0.8867755725715063,0.8918456622655754,0.5169459929004574,0.523670149681889,2.04390488748061,2.071381664612649
438,0.8859209603499342,0.8912848678806065,0.5176376927764701,0.5227163433657904,2.037991759658298,2.070097562334711
439,0.8865133081113299,0.8918670810739778,0.514300582063021,0.5193464915681274,2.031929502706052,2.0625693726106396
440,0.8852591992240199,0.8910165651490173,0.5109882990006925,0.5160017110108112,2.0213753152877656,2.053198183933709
441,0.885752858265791,0.8907665179209218,0.5129722805551018,0.5138440777004846,2.0159661450665762,2.0516936266341417
442,0.8861142871845981,0.8911122839358487,0.512618424784145,0.5140255714265111,2.009436694108666,2.0449348248567607
443,0.885914087147915,0.8910058242756433,0.509326864933746,0.5107249761861071,2.006640700511608,2.040960622941061
444,0.8855801029619009,0.8909289120931873,0.5162833385361125,0.516469185373264,2.0013867789035205,2.0330799875399475
445,0.8852303509375453,0.890592008701334,0.5164262581678125,0.5161163796173395,2.0077861340179464,2.0392762465434955
446,0.8846738531301708,0.8902386698510786,0.5168760629148054,0.5154582421842453,2.011492170297943,2.041670762261019
447,0.8857756247479734,0.8913169429655515,0.5135704135411031,0.5121616603966556,2.0059352658726257,2.0340967882609458
448,0.8862123634811836,0.8918052787559921,0.5102891881131869,0.5088894355585656,2.005897345180959,2.0338789422836454
449,0.8865842938933162,0.8923501956580575,0.5107082771993227,0.5083479358193369,1.995800951459846,2.0245734744857393
450,0.8867184621581977,0.8924394634626956,0.5074518574512371,0.5051065662723646,1.9930470480901095,2.020821183264231
451,0.8862917594628631,0.8918588041664818,0.5077835204291831,0.5046949072853774,1.9974136838505685,2.0227361165622764
452,0.8862841433674399,0.8920169572885704,0.5045522188237551,0.5014832601984767,1.9974301419831897,2.0225914343405313
453,0.8857005937906437,0.8919903634807379,0.5056591466766425,0.5003379637109939,1.999489648098642,2.0267625491190002
454,0.8852261916733647,0.8914707837161734,0.5087986200794797,0.5035112310280504,1.9928234819938038,2.020560339023268
455,0.8848518174496508,0.8910804292733957,0.5055705575734368,0.5003167142544018,1.9935881726699793,2.019710754900721
456,0.8853485412526919,0.8914989332307852,0.5044505513517169,0.5013994061326493,1.9979676087671627,2.0152470283996364
457,0.8850369059518174,0.8915101634181399,0.5035427795967187,0.5022701371069546,1.9898894908289848,2.0105778676159405
458,0.885184705782952,0.8916726157706214,0.5003576324527552,0.49909304003094124,1.992959359240185,2.0138305235617557
459,0.885726516219969,0.8921306407730182,0.497195796294268,0.4959391950247533,1.993003850122485,2.0137431263749193
460,0.8863606021034567,0.8927783263664822,0.49405708054611436,0.49280841199490333,1.993048916393598,2.0136575256129445
461,0.8866472683331709,0.8927883679803311,0.4909412963397756,0.48970050255021463,1.9993686381962352,2.01360205900705
462,0.8865127455566401,0.8928316612426125,0.4878482564968346,0.48661527998534043,1.9959488323042869,2.0106399232095526
463,0.8867453141605282,0.8931161616991186,0.48477777551262397,0.4835525592644537,1.992993930237838,2.0072594298095914
464,0.8864350138770407,0.8928886150555095,0.4817296695400442,0.48051215700510586,1.990953003210768,2.0030111282574987
465,0.886551334993776,0.8931429080511343,0.487163870702228,0.4878778302892633,1.9912647693534264,2.009018626578475
466,0.8861004211424734,0.8929024015630203,0.4841068819283245,0.484816361366946,1.9899480316621054,2.0103335860826723
467,0.8865473894168028,0.8933508581495556,0.4860146870562943,0.4893721711436279,1.9850684706723005,2.0026737798768264
468,0.8869790044336211,0.893739267651907,0.482971002953111,0.4863074606780414,1.976756792058815,1.992274719629472
469,0.8870347780133474,0.8936555965347958,0.48718454083543195,0.4885424010327766,1.9785620530988683,1.9969194818259466
470,0.8876385115918213,0.8942688196456615,0.4841396264044878,0.48548899994479894,1.978696911201029,1.9969398576549935
471,0.8875359685885706,0.8939685331759949,0.4839053133717826,0.4859129450248348,1.9781633465097943,1.9976257516821876
472,0.8871753050681975,0.8937852762309259,0.4871244721096081,0.4891195810896979,1.9692029126341883,1.9880245965306995
473,0.8873016622417185,0.8932667908749883,0.4880890163823299,0.48830306726518413,1.9773947452316587,1.9925618936094422
474,0.8865192052508278,0.8927803088191937,0.4850506268563636,0.48526334525694786,1.975699061121108,1.994444601909525
475,0.8872549533628319,0.8935698288864055,0.4820341694916539,0.4822455650282926,1.9829278704922912,1.999839165767084
476,0.8874463832580434,0.8938122677680786,0.48255218187722554,0.48194946960791035,1.983846727931535,1.9990273705404669
477,0.8871560611288546,0.8934301372218371,0.4811169953785016,0.4836049739547143,1.9824198207891126,2.006767074060657
478,0.886986196201006,0.8934816406779732,0.48229822015149393,0.48264248080251415,1.9908798684519249,2.010863833544674
479,0.8872262464364082,0.8938797075230497,0.4828343913719524,0.48232346775146234,1.9900833068608568,2.011649594602249
480,0.8871629040897666,0.8937871453381159,0.4798466923482144,0.47933893023823276,1.9885589666766545,2.0133026506482183
481,0.8866155333757837,0.8932771798703992,0.47993724501604446,0.4795006777329522,1.994811355244834,2.0194020824427383
482,0.8860496322881836,0.8925804906377907,0.48119307824540253,0.47849533441984843,1.9864040543995616,2.015370667385962
483,0.886395828201315,0.8928155319549076,0.48208644758023106,0.4778506592895632,1.9841806265515385,2.0114138482122725
484,0.8860256118729368,0.8929502537432309,0.48346399098247045,0.4767200287867533,1.9886268292867733,2.0131579294154287
485,0.8858436352713657,0.8928293907938248,0.48048731674262657,0.4737848769330993,1.9792118703404715,2.004090983749503
486,0.886098533405155,0.8930063531917105,0.4775319266708937,0.47087071234928096,1.980237036660641,2.0031691833665826
487,0.8859285227450167,0.8928633038428958,0.4838491539767195,0.4771598744754384,1.9711759983973258,1.9938982384761446
488,0.8853984595981841,0.8923631181407617,0.4839268820120316,0.47732149363919996,1.977491478832414,2.0000742377876892
489,0.8862470221517242,0.8930465143696158,0.4809592520576383,0.47439437052400957,1.975578497797324,1.9959924014012551
490,0.8866384556056358,0.8935176128415931,0.4803474556494888,0.4752796824242711,1.9795196954852265,1.9983516466204678
491,0.8868988864648796,0.8936798823749318,0.47994215531353596,0.4759565509202497,1.9836628796892448,2.0065841982365744
492,0.8874765731610992,0.8943114004777263,0.4808220647318027,0.4753462778554323,1.9799484781190577,2.004244205745186
493,0.8870440191317802,0.8939243457911168,0.4808796352141972,0.47555642730960196,1.9770765626518723,2.0011047607626855
494,0.8869974810863532,0.8940951096699311,0.4840472079212304,0.478756481208313,1.9747807207757802,1.9974319281807384
495,0.8869257108091846,0.8942928940400614,0.4893115994567558,0.48591024570836777,1.9709580393846897,1.99532829221667
496,0.8864038990986292,0.8939225123125075,0.48633187951074386,0.4829512387019607,1.9851841653526283,2.0117555516199466
497,0.8864915969701455,0.8941737351176515,0.48596921410606064,0.4835007711735307,1.9791938925620096,2.0056032362976457
498,0.8869007783561921,0.8946032441056221,0.48605713527371636,0.48359839462396326,1.9702015168258673,1.9964556586667255
499,0.8862042669519163,0.8938498621257566,0.4831061001644769,0.48066228745108225,1.9789791184453418,2.0060948588018825
500,0.8866542868909876,0.8942440241610236,0.4862412201451637,0.4838122299051417,1.985171923138404,2.012123198216201
501,0.8870664472388474,0.894668462311074,0.48635864911504506,0.4838762543980117,1.9913210144035314,2.0181089851210023
502,0.8874421477084169,0.8950666715460961,0.48598923837001784,0.4844258388710813,1.9887989402906487,2.0145207895664563
503,0.8878869624230185,0.8955319286982644,0.4856911431410933,0.4849028382089898,2.0043673512399476,2.029168022718174
504,0.8881042774196899,0.895802039884194,0.4887981312022367,0.48801458849419355,2.0013021483266478,2.025989541757049
505,0.8880330703164786,0.8956779932633935,0.4890984405247048,0.48785421570114734,1.9985094673315318,2.022582460126714
506,0.8871805165913148,0.8949093686356154,0.4885911409486206,0.4885004682594145,1.9973724033734628,2.023592360963113
507,0.8870559198751065,0.8947963434111088,0.49422084188130116,0.49505473992155685,1.9990136913222347,2.02784779999169
508,0.8872250543640918,0.8947430888380263,0.49376863503722046,0.4955714753509642,1.9939766080213714,2.020689302862625
509,0.8870968405962953,0.8944835789185043,0.5003410764842584,0.5010850376087137,1.9919167296491511,2.0226610249761996
510,0.8873351523408743,0.8945976309888983,0.4983776526156521,0.5030398977252428,1.990938782957991,2.0175649533998934
511,0.8876052439119354,0.8945979768821856,0.4993886616283848,0.5020203848934579,1.9969921150027972,2.023458619974277
512,0.8876914665835396,0.8947780995511214,0.49639584641426765,0.4990117978726654,1.9910285556842373,2.0173420107513236
513,0.8877270558543079,0.894853292114687,0.4963798964371022,0.4990552421361442,1.9881263114045358,2.014207172802279
514,0.8879992233083426,0.8951109842728138,0.4934110562480614,0.49607040074744185,1.9788831454096365,2.00549343049219
515,0.8879190974154464,0.8950318385278864,0.4932026818386696,0.49634162351383065,1.9919503040950348,2.0164196455503207
516,0.8887361655123986,0.8958192080469668,0.49025873829801364,0.49337894352382156,2.0004831285175926,2.025743978556048
517,0.8889920229883443,0.8960266757119062,0.4959441135074302,0.49971727368099433,1.9991371359735044,2.026933604388456
518,0.8892102855891403,0.8963416631989654,0.49719530637861903,0.504449034182982,1.9987910058201694,2.0211673205464766
519,0.8884050751542008,0.896115710086781,0.4982692983990201,0.5033652564392314,1.9907341257165987,2.0172064790299107
520,0.8871020368260824,0.8950294952566571,0.495306985035811,0.5003726465583572,1.9881159412645704,2.0138342216484975
521,0.887148323432017,0.8953150701862136,0.4983044897100172,0.5033400649352667,1.9923144674945048,2.015563376133982
522,0.8877241395397933,0.8954293543026863,0.4995050568927749,0.5021297400721094,1.996517682331921,2.0172476332439877
523,0.8879071146878397,0.8957164439997952,0.4965442923218838,0.4991534179630914,1.9945051120761288,2.0191786345524525
524,0.8885819177287649,0.8959307381448176,0.4976785402116267,0.4980446459621034,1.9967652206248292,2.0168374991014972
525,0.8891940420388943,0.896511457468147,0.4947344961097023,0.4950984361419728,1.993594658433471,2.014012040031163
526,0.8888515443553106,0.8962396561749575,0.49181079282421675,0.4921725821015339,1.984490972043851,2.005341852959446
527,0.8887848646029248,0.8961058746531257,0.49481100690780067,0.4951706602773304,1.9866513208613399,2.009145262801931
528,0.8879811002567005,0.89536429555414,0.49502450745026494,0.4950162461945185,1.989861862662204,2.0118573456272006
529,0.8880724231042646,0.8954543803930545,0.4921078534020797,0.4920996408211456,1.9873781291252652,2.0148300053003427
530,0.8884917362164115,0.8950766414813053,0.4892112821207775,0.48920311787950294,1.992793203016379,2.009401934220672
531,0.8882498099595403,0.8950108990329545,0.4896552253725786,0.48888610155162654,1.9961577410091558,2.0119085204014078
532,0.8882259486878488,0.8951370849355629,0.4893702396124158,0.48929714176675343,1.9896145318121046,2.006655802329619
533,0.8884407199707455,0.8953654647070637,0.489432838652176,0.48935973145027517,1.9838070601400568,2.0007483253760165
534,0.8882417934378916,0.8951043656390354,0.48981988067072385,0.4890970191033938,1.9754332547953337,1.991625018013787
535,0.8883951191680395,0.8952403622069982,0.48695115605261147,0.48623252806349154,1.9727170119420547,1.9886774975454182
536,0.8879334778273195,0.8948986920317784,0.486150057582214,0.4871905244843437,1.9728766403166813,1.9887437436861812
537,0.8881903238021085,0.8952358812872686,0.48586789044406864,0.487628515686273,1.9770470315165087,1.9906426722261568
538,0.8878210307009945,0.8948798515846057,0.49170592542404856,0.4936235374470022,1.9743451165405537,1.9876941029821447
539,0.8876086899129194,0.8948186550898396,0.48883765089595177,0.4907440768879145,1.9795677290795728,1.9889141265592267
540,0.887652978347482,0.8948820338579938,0.48905917538768234,0.4906415395206884,1.982131110783828,1.9923618988837088
541,0.8867078107205261,0.8946863826448418,0.4885848808626023,0.4970556674942689,1.977319936950925,1.986928427471266
542,0.8871433365771371,0.895139074977529,0.4857433497570758,0.4941648716557452,1.974926962093408,1.9837137609358915
543,0.8873852886817826,0.8953466816289747,0.48624771166639175,0.49377724350790475,1.974229577831766,1.984651446520983
544,0.8872024339551753,0.8952149960070668,0.4834254233860096,0.49091125217460696,1.9654339976982922,1.9762730327461726
545,0.8878461583792017,0.8957834079660675,0.4823656810664672,0.49211980117224297,1.962147706563183,1.9683004970875921
546,0.8880839067307441,0.8958521206918562,0.4795715188589064,0.4892691370309059,1.9604256686100232,1.9704254223282576
547,0.8889311485303492,0.89654374535014,0.48456319189573904,0.4960314430756348,1.9588279271397644,1.972423316958819
548,0.8894452451588477,0.8970239345462375,0.4839349544948093,0.4967718638358022,1.9612389908796775,1.976190741767878
549,0.8895500279727352,0.8972299297685173,0.4910512860102709,0.5013174966382874,1.9531910137877737,1.973049538371832
550,0.8901612361968301,0.8977405769233096,0.495937632341044,0.5080141748091631,1.943873386054281,1.9654863643090348
551,0.8899829729389466,0.8977584920804447,0.4970251203809333,0.5069039096139617,1.945358932497283,1.969217588823876
552,0.8903997876985159,0.8981944636384884,0.49416326433098184,0.5039851717856585,1.9431641326251003,1.9661465366945154
553,0.8897802151270136,0.8973560166362796,0.4945182445167055,0.5036408421944898,1.9428482583896596,1.9669840868133703
554,0.8899405000845663,0.8974962982263098,0.49477418024141,0.5033954852157875,1.943625550914814,1.9667249439319021
555,0.8900465625980926,0.8976238843819581,0.4948694478669837,0.5033107250331111,1.9411440873273516,1.9639803378487848
556,0.889938007728674,0.8974803958901344,0.49203137912589195,0.5004242456961272,1.9443290616581448,1.9613395085721146
557,0.8906719342067728,0.8982213624699319,0.4921544682605694,0.5003443801928594,1.9389187618881056,1.955831751654177
558,0.8910279065606721,0.8981291189147362,0.49710840865192335,0.506880425342432,1.9433629082753223,1.9634370559687977
559,0.8912435367054947,0.8982686374998129,0.494266039416024,0.503982181614912,1.9445206843397405,1.9628127115487337
560,0.8915815138470692,0.8985304208496716,0.494631226755916,0.5093390912337585,1.9555991497398695,1.9636909356680414
561,0.8916168266461406,0.8981347649941782,0.49180867232224096,0.5064326081157502,1.9513594179699523,1.9569784661877334
562,0.8919527485124378,0.8983947951224197,0.49056817151501075,0.5076831348166737,1.9542225534886926,1.954654027147393
563,0.8925930934340566,0.8990392366719994,0.4909501289892757,0.5073111361179551,1.9747439290367155,1.9745164587770416
564,0.8929964297322237,0.8994643438825817,0.4881569723551246,0.5044248970037221,1.9708852628094082,1.972974509382589
565,0.8930735064376367,0.8996664575594241,0.4853824826706398,0.50155794691883,1.963379391434809,1.963748656750078
566,0.8933473674004744,0.900070029119975,0.48586072381793166,0.5011538569767962,1.9546751952430774,1.9558328519850925
567,0.8934074875439172,0.9002270500841953,0.4855743923401151,0.507186090566148,1.9561670836119627,1.9605208295779937
568,0.89330608282341,0.900370004453542,0.48646519488335976,0.5063363112982664,1.9600578148979528,1.96276877312168
569,0.8933305142717197,0.9003830414292383,0.4917332026927006,0.5124308784722517,1.9602839243761871,1.9629795362342175
570,0.8929344920264289,0.9004580594573165,0.4929282188251948,0.5112123134014817,1.9644844213866481,1.9648682583125567
571,0.8930876204336937,0.900594351879687,0.4982329007414587,0.5171834430448242,1.9663552528733834,1.9690461580243053
572,0.8932935761832949,0.9003489954117426,0.49662636831388224,0.518702966319013,1.9799004455611884,1.9728488578921715
573,0.8932417314339731,0.9004385232870064,0.4938262328852828,0.5157783560977702,1.9775283564084054,1.969849062996967
574,0.8926030532121031,0.9003934002823203,0.4925757560703596,0.5169747333503353,1.9750844286520863,1.9725893968666393
575,0.8928974041842973,0.9007255925640149,0.49279177879301966,0.51670496955871,1.9666098109308572,1.9644773110919391
576,0.893276237790927,0.9010521314139989,0.4900215870379836,0.5138003516083791,1.9667975125524073,1.9646770008083023
577,0.8934719478880145,0.9009363096236698,0.48726972094909665,0.5109149485946142,1.9597018267689374,1.95531015506832
578,0.8928834137815734,0.900364553841791,0.4926168610222552,0.5167983785522244,1.9628444944062193,1.9582544794403083
579,0.8927270404902303,0.9004380548246098,0.4954605331804159,0.5195065233290838,1.9652029110121771,1.961942855834647
580,0.893270235971953,0.9009786635348119,0.49268645774816244,0.5165978147907635,1.9653977393647364,1.9621559371735444
581,0.8938873165841247,0.9015962925003744,0.4930284658329239,0.5162038761722167,1.985469240340174,1.9816433696695872
582,0.8933509138204409,0.9012799788008042,0.4902735229054388,0.5133194337589404,1.9843403402915654,1.9885438352640723
583,0.8932234679873741,0.9010243628180984,0.4963502964317879,0.5183870273570117,1.9955921795999174,1.9997722097728308
584,0.8926622666680755,0.9005958954490532,0.4935823332555884,0.5154961734317518,1.9874251247668913,1.9968118507993438
585,0.892346809712867,0.9003931291374591,0.4908325571441522,0.512624314032146,1.9849167068861528,1.9938373950463795
586,0.8925622227371609,0.9006964126703872,0.4915234515737655,0.5119141804193803,1.9880066507160148,2.001996675788146
587,0.8920671834941116,0.9001813493699747,0.4943629098629588,0.5146155367806459,1.9908471148943225,2.004771721833845
588,0.8920561282855313,0.9002365207017707,0.4942649215591829,0.5146636554653656,1.9882500669565997,2.0018387338885635
589,0.8920607228234041,0.900151675810277,0.4915223350244102,0.511807880050506,1.988315266811142,2.00182853247135
590,0.892215640595982,0.900394753259147,0.4887976926108057,0.5089707893259648,1.9900761787964727,2.005665528989448
591,0.89207545312802,0.899741817326219,0.4860908618181705,0.5061522453231471,1.995678937485006,2.0111753994611883
592,0.8908798520600443,0.8984091577510044,0.48775757037164363,0.50452844943203,1.9945265042544815,2.0067577158185013
593,0.890214398355633,0.8978568348346633,0.4905885641893862,0.5072667561699996,1.9922649587313714,2.003485575748502
594,0.8910066376103883,0.8985093031755371,0.4952706993830862,0.5136387501476605,1.990525723524131,2.0052482728669854
595,0.8911094068265925,0.8986548865796503,0.4925389716055773,0.5108057110780545,1.9894580208946604,2.0063392858342737
596,0.8911307206832033,0.898316680659284,0.49335773741757977,0.5099685156872187,1.9930488241267887,2.00828176322906
597,0.8912917176916771,0.8985915092137686,0.4906419977366359,0.5071613402259942,1.9875824821759924,2.0027315699589474
598,0.8909162663033007,0.8983124932425735,0.48794390657174996,0.5043724074857318,1.9826101366425364,2.0022580772539293
599,0.8913981200929677,0.898765721819548,0.48932372292294346,0.5085284095094001,1.9806754784462004,1.998782264620847
600,0.8912248869810117,0.8986549701797382,0.4866382573933738,0.5057375464251687,1.978573743655142,1.9955086213526503
601,0.8917377681678743,0.8988857423505796,0.48566619069321143,0.506751413779572,1.9711179365159528,1.9921412633451325
602,0.891321708134173,0.8984171946285512,0.48300612358401357,0.5039758597176133,1.9744177635433404,1.9945207153937747
603,0.8914795970897001,0.8985334511077306,0.48277682317013765,0.5042763905099257,1.9721441889978988,1.9914925732336797
604,0.8912309904481769,0.8980685947926842,0.48560407250363896,0.5069861187419857,1.96683061499767,1.986073755128446
605,0.8908965950991721,0.8979045371800641,0.48624432591486655,0.5063863284014287,1.9622455041232267,1.9846599631602564
606,0.8912168108420055,0.8982972261858231,0.483591723928788,0.5036238460261057,1.9637479306964085,1.988902468876241
607,0.8914253636595024,0.8983647154312279,0.480956229458512,0.5008791798218999,1.9651860409863477,1.987722409434565
608,0.8913513592614895,0.8982811593153872,0.4837821043985224,0.5035965865182701,1.965894188315753,1.987270704109204
609,0.8914424204728039,0.8984056261883422,0.4832491276008164,0.5041982099208614,1.9715186328639598,1.9927788829654896
610,0.8916776543552934,0.8987807498145186,0.48294651068939604,0.5045690318329497,1.9693502651966452,1.9897077317001233
611,0.8919388358194631,0.8990685382511208,0.48661868535103975,0.5063927016769111,1.9632369464223556,1.985213249168705
612,0.8914669189816368,0.8987047340357579,0.4839799213042477,0.5036467100103992,1.9668158107720806,1.987336574060002
613,0.8916432729040022,0.898521470622128,0.48874918621210367,0.5097789397007053,1.9636011327711438,1.985460763522762
614,0.8916904640472917,0.8986238625366354,0.48610416453634386,0.5070201088250892,1.9637984747235133,1.985539825104057
615,0.891847633895252,0.8986768495616957,0.48888249558215185,0.5096853597224322,1.9683266759539566,1.9920983396508465
616,0.8914481821216397,0.8979016121705246,0.4896927019249628,0.5088828884006349,1.9684978447456027,1.9921410895733107
617,0.8915840119497495,0.8976400605908567,0.48705051258359733,0.506137156355926,1.9686679844384183,1.9921836132257444
618,0.8916280567709242,0.8975983652157615,0.4879518330053822,0.5052725558566056,1.967173830882267,1.9938887850494484
619,0.891975443143343,0.8980174620690096,0.48844693905108255,0.5048139353013891,1.9659488673760883,1.989938593660356
620,0.8916142957214692,0.8975820044198446,0.48581936591185576,0.5020983168162324,1.9761118419720805,1.9961512531418408
621,0.8911442153195291,0.897444183192253,0.48687934133887073,0.5064773401996445,1.983317700735266,1.999842864555019
622,0.8920121168399002,0.8982877065169526,0.4842654340502195,0.5037582172082192,1.9788286651550877,1.9936849134924588
623,0.89201970081071,0.8983345927137016,0.48974909403133116,0.5090654507925705,1.9894532349011274,2.004661085292489
624,0.8924342593341776,0.8986714551858036,0.4871250332853073,0.5063378935946877,1.9871923854605924,2.0015955004500507
625,0.8926846378214798,0.8989868138834036,0.48451764087347077,0.5036276621522998,1.9926135557961104,2.0069395767769693
626,0.8925386180022186,0.898542929087408,0.4850645235626867,0.5031441696615506,1.987305788732861,2.0015552046977687
627,0.8927455771031383,0.8985649309189007,0.4945235291667783,0.5151158312909181,1.9797955932327151,1.9930991446130104
628,0.8927855339320355,0.8982131993665158,0.49188446454174817,0.5123668741878187,1.9745804813729366,1.9878072817527594
629,0.8933388722926149,0.8986804009497076,0.49100249591398987,0.5132261778804639,1.9816775545920742,2.0022357158642006
630,0.8926863429793109,0.8980852151662275,0.48838745687801266,0.5104927773364514,1.9790300934893126,1.9996430327610561
631,0.8929398560959363,0.8982178540969722,0.4857889451369643,0.5077766521433335,1.9717173822408651,1.9911074346811752
632,0.8927776941927982,0.8979518918700314,0.4859832195893261,0.5129318551413777,1.966552440389596,1.9858394427138435
633,0.8927894526648352,0.8981133091506613,0.48572464461181347,0.5131961910332287,1.9584320958561858,1.9782826920479581
634,0.8927259702081265,0.8981420314397789,0.4860687008583614,0.5128578593833102,1.9562686023505462,1.9754772380646048
635,0.8928235260082757,0.8982846825442474,0.4865835279786975,0.5123487208011992,1.9542916751337651,1.9725165170680863
636,0.8930120773267602,0.8983297981879295,0.48400752647356604,0.5096363168663215,1.9526783395791116,1.9745173343113165
637,0.8928631723359862,0.8982170071839339,0.48402519760886736,0.5096522619611177,1.9529286128040435,1.9746521061867266
638,0.8936120675581787,0.8989660275872541,0.484418126008447,0.509292738581507,1.9478938633815865,1.9695025779538509
639,0.8935720906488761,0.8988683432316309,0.48186127035165816,0.5066045897495599,1.9530305588113182,1.9753582957021814
640,0.893290097990241,0.8986195300004945,0.48198816180099907,0.5065385169460839,1.9479428065443998,1.9702778003082548
641,0.8926725076969413,0.8980183831926243,0.48211074823407163,0.5064763679990493,1.9586415099312933,1.981080501118253
642,0.8927806825249238,0.8982364310269513,0.4795736939691589,0.5038110923663939,1.9588591543916243,1.981180062879744
643,0.892982954345527,0.8984447477192905,0.47989316079630334,0.5035789738637064,1.961932953523536,1.9837123920454554
644,0.8928426957650357,0.897852482563214,0.48262469673116176,0.5061861148768618,1.9653023551302595,1.9806285476212424
645,0.8932364335583948,0.8983391971142277,0.4800925457284578,0.5035303459387582,1.9650490805776752,1.981165502474143
646,0.8933286209149978,0.8984463534717945,0.4775761975803162,0.5008911513401136,1.9627311486026304,1.9785239664300076
647,0.8933130791626113,0.8984971304008245,0.47757072458378347,0.5010093723694713,1.960497667668086,1.975982220633049
648,0.8936502945162629,0.8988884713584255,0.4806498129548009,0.5032732386959118,1.957915692064779,1.9736655550445334
649,0.8930057520295387,0.8988173575506961,0.48251555060153717,0.5014915140500734,1.9529099304412207,1.9685774896631862
650,0.8933468802342912,0.8992850514076091,0.4897393876925984,0.5100125407054094,1.9545520149406859,1.9673452767712973
651,0.8935855237888572,0.8989522092509759,0.4916659922740935,0.5080872298768357,1.9443585635611846,1.9570851023054787
652,0.8935765795222709,0.8989643341015058,0.491679449221818,0.5080750586484384,1.9472235071463677,1.9599436671964063
653,0.8920843298738625,0.8974798416419266,0.49446378561683535,0.510496819858627,1.9446878601098139,1.9577576725049979
654,0.892039981179551,0.8974633895141252,0.49189276299253987,0.5078424315865919,1.9394509033352898,1.9531026399205862
655,0.8918704330686715,0.8973680736243512,0.48933766507873494,0.5052044843852662,1.9366530465218523,1.9512641981992438
656,0.8917204284692763,0.8971365799642659,0.48976567930115944,0.504804792198038,1.9347598392178278,1.9485498005732333
657,0.8917301802806167,0.8969263320543939,0.48722671336793927,0.5021878628694131,1.93700432585649,1.95209428416104
658,0.8919333242046047,0.8969892884821972,0.48470343408252203,0.4995871018745835,1.9385985915058745,1.9510743643820863
659,0.890900855537721,0.895976867581879,0.4821957314659563,0.4970023958575015,1.9445370433539624,1.9560540789033893
660,0.8907875722056544,0.8958213638553574,0.47970349639301246,0.49443363234205623,1.9371343107723429,1.9484650675700925
661,0.8913735370756084,0.8962980548553418,0.48238996799992834,0.4970440471395975,1.9288004755272772,1.9418995532870038
662,0.8916234131204802,0.8965822686533278,0.4799017105076854,0.49448020117199215,1.9343259226446392,1.9473574329163597
663,0.891758712208126,0.8966342253140249,0.4774287620973135,0.49193212934671143,1.9325670332787397,1.944572980583645
664,0.8918388152043889,0.8967315701839125,0.4801188964269666,0.4945476020736905,1.9327985912070595,1.9449738911925831
665,0.8919450990922047,0.8968860060163579,0.4854095374893033,0.4996727150573389,1.9304358350265527,1.9428224958628988
666,0.8922781464484036,0.8971878283691304,0.48291569982203447,0.4971055989587106,1.9273861361451994,1.941385747056518
667,0.8921978722091136,0.8968935323154188,0.4826376354237738,0.4974862032435319,1.9270274113005308,1.9424181571201973
668,0.8921573776513444,0.8969093479868339,0.48016299290463305,0.4949354272143244,1.9261483088690103,1.9439666552446073
669,0.8924000820758731,0.8969826935522478,0.48420392092244213,0.4961442556270636,1.9246548005987236,1.9410036671844608
670,0.8923619181314946,0.8970203146107935,0.4817262079251032,0.49360544291282465,1.9250403484540348,1.941305556488724
671,0.8922140469345552,0.8970528199431151,0.4826721929485661,0.4927855617810577,1.9322589088073443,1.9450655754831332
672,0.8925305128237456,0.8974519007963228,0.4822329865904952,0.49335010199481233,1.9346305880911032,1.9484272466251211
673,0.89195587580695,0.8970248699767756,0.4831905406508655,0.4925171170959747,1.9264445418310059,1.941904645930915
674,0.8924115868390563,0.8974855796754947,0.48280419506432615,0.49302727245069594,1.930972051870882,1.9482414317319856
675,0.8928573170369177,0.897976304132049,0.4854375307122691,0.4956085566437425,1.9332789215299682,1.951641118582448
676,0.8924909343584472,0.8976497092615896,0.4879551998978068,0.49827377125136446,1.9489774172127659,1.9670469353243882
