-1,0.2939043338519283,0.46079555629132246,0.5642860073139244,0.5652657380485886,0.95,0.05,1.8,0.2
-2,0.3271140042403043,0.44512596115702135,0.5509626609805018,0.5918190216252526,0.95,0.05,1.7,0.3
-3,0.3241595656646429,0.45623839459104076,0.5789475237367104,0.5857390370707534,0.95,0.05,1.6,0.4
-11,0.42287916453413693,0.5492218433500924,0.5323600759025342,0.573805812894638,0.9,0.1,1.8,0.2
-4,0.3430843459751896,0.4569343517460402,0.5845746197427729,0.5162960488079864,0.95,0.05,1.5,0.5
-12,0.45233443687557845,0.5444949845901473,0.6293332055048085,0.5268840724568533,0.9,0.1,1.7,0.3
-5,0.32293637106448386,0.3986496489331353,0.6056391887800412,0.5217690464822742,0.95,0.05,1.5,0.5
-6,0.35454564235572383,0.4677696308163787,0.5462369015941035,0.4675832713999683,0.95,0.05,1.4,0.6
-13,0.37342225667604667,0.4952127727399315,0.6219492192153944,0.5393317050114547,0.9,0.1,1.6,0.4
-14,0.37961849572651907,0.4968441688991286,0.5985640218524226,0.5033531729655735,0.9,0.1,1.5,0.5
-22,0.5013128974161954,0.5747515199206016,0.6057887886828124,0.48806726455834004,0.85,0.15,1.7,0.3
-15,0.3941367757860376,0.5108460704490939,0.6004905241027434,0.48958744566545626,0.9,0.1,1.5,0.5
-7,0.292069747657591,0.42788760474722776,0.596550980518694,0.4164987455305158,0.95,0.05,1.3,0.7
-20,0.3227498627011105,0.4728092673573191,0.6026992814410982,0.3451517318982617,0.9,0.1,1.0,1.0
-9,0.32554788886494385,0.45805016395468895,0.6055350150363795,0.3990603359674093,0.95,0.05,1.1,0.9
-10,0.30221063527571784,0.43248913573671643,0.5847599547002214,0.32968642269613097,0.95,0.05,1.0,1.0
-16,0.4022976788662001,0.5166052109710235,0.5288135165572165,0.43077882826595837,0.9,0.1,1.4,0.6
-8,0.27795631185802006,0.4412361310652448,0.5911025882552341,0.3928985354087583,0.95,0.05,1.2,0.8
-21,0.5154504812539731,0.5739633997096667,0.5598511847673343,0.4845898975206319,0.85,0.15,1.8,0.2
-18,0.37478586541275044,0.4643303497355957,0.5951526633816928,0.37553674339054083,0.9,0.1,1.2,0.8
-17,0.37673341612262073,0.4721015484895779,0.5797543944768492,0.3578581544484873,0.9,0.1,1.3,0.7
-19,0.3015265558782206,0.46039524530466125,0.6129809634953451,0.35587053312289774,0.9,0.1,1.1,0.9
-25,0.4718631300764337,0.5574613993332551,0.6500705288143073,0.48067714083409685,0.85,0.15,1.5,0.5
-23,0.4538378387295049,0.49905878601560216,0.564851713819689,0.4672371314974646,0.85,0.15,1.6,0.4
-26,0.39697100045264266,0.5278622876962877,0.6203695889716221,0.4025581248008384,0.85,0.15,1.4,0.6
-24,0.4159563594354498,0.5149759424128121,0.5889479194728161,0.4207656940884075,0.85,0.15,1.5,0.5
-27,0.4202124895349648,0.5370008957392716,0.5662974088219965,0.3873382088407802,0.85,0.15,1.3,0.7
-31,0.5489693206817805,0.582595836020079,0.5553348599722707,0.5015340374361549,0.8,0.2,1.8,0.2
-32,0.5457026667124347,0.6022060828658162,0.6079983477910239,0.46239234509950067,0.8,0.2,1.7,0.3
-28,0.38472876129986433,0.44480721591442896,0.6056636150897738,0.27616914530908465,0.85,0.15,1.2,0.8
-29,0.35060629690311934,0.4615989250721095,0.5130250535129858,0.2825389181049015,0.85,0.15,1.1,0.9
-33,0.5077943441954296,0.5719482490822075,0.5602574179847991,0.4477017066965406,0.8,0.2,1.6,0.4
-35,0.5171581652663503,0.5662809648695335,0.5649671219772027,0.36545579517871685,0.8,0.2,1.5,0.5
-30,0.32279932245118814,0.40598640664954155,0.5612890849062371,0.24345866416060397,0.85,0.15,1.0,1.0
-34,0.4764524358600349,0.5308299857834798,0.5801617148649291,0.41871827769759484,0.8,0.2,1.5,0.5
-42,0.5345806526309991,0.5683438513764157,0.5628508061850144,0.4313554333595835,0.75,0.25,1.7,0.3
-41,0.5593102736360221,0.594359955347828,0.571302920541033,0.46795282307811725,0.75,0.25,1.8,0.2
-36,0.43182595468528456,0.4722410241782224,0.5633071652958183,0.3171916766215489,0.8,0.2,1.4,0.6
-43,0.48604611948287785,0.5265305259530897,0.5664687324601849,0.3596991922781275,0.75,0.25,1.6,0.4
-38,0.3666710785956364,0.45346012918788814,0.6058988750215533,0.25994892351727006,0.8,0.2,1.2,0.8
-37,0.408690732707857,0.4636226110084667,0.5735965133033092,0.2870492321582978,0.8,0.2,1.3,0.7
-39,0.34584638459654365,0.3823497518419681,0.5486577820563672,0.18578293670580293,0.8,0.2,1.1,0.9
-45,0.427473787704966,0.46057744765052905,0.5761555476268628,0.3130773798253481,0.75,0.25,1.5,0.5
-40,0.3421131217584167,0.3906080405483828,0.5427518965185254,0.1398894255692158,0.8,0.2,1.0,1.0
-51,0.5591013314689166,0.579869819468199,0.5518115103418328,0.3531275228645725,0.7,0.3,1.8,0.2
-44,0.42940307307293457,0.4683002174572375,0.5450915548221619,0.3261296769191089,0.75,0.25,1.5,0.5
-47,0.3757626773514005,0.4248697478415617,0.534897740783465,0.23116970683821653,0.75,0.25,1.3,0.7
-46,0.40458103817042385,0.44941818881309553,0.5343921962075728,0.2707267053446519,0.75,0.25,1.4,0.6
-48,0.4238579080510169,0.4739406872071882,0.5430953865957691,0.16785305282981894,0.75,0.25,1.2,0.8
-50,0.3333172806437104,0.36627211677846544,0.46948417697133066,0.11768366478658336,0.75,0.25,1.0,1.0
-49,0.30863933504161445,0.32920189523529814,0.4625131329932389,0.12729334670138226,0.75,0.25,1.1,0.9
-52,0.49774877147331786,0.5390761920067619,0.5836146584540922,0.34766085015208525,0.7,0.3,1.7,0.3
-53,0.46347835431425083,0.48735625314849096,0.52331527212054,0.3169361130428543,0.7,0.3,1.6,0.4
-55,0.37974617387149406,0.4273241143426912,0.4712668627416949,0.22779085336078853,0.7,0.3,1.5,0.5
-54,0.3797719126340587,0.3857658975812073,0.47460795393813376,0.21408165781128985,0.7,0.3,1.5,0.5
-61,0.49702798259064496,0.5067988772264519,0.31965129887984367,0.3135460457203986,0.65,0.35,1.8,0.2
-57,0.2943654450298517,0.29208065171549563,0.41722235755970466,0.1776327621358965,0.7,0.3,1.3,0.7
-58,0.2663543409690842,0.2834003212910065,0.4269815751157297,0.12862834437697754,0.7,0.3,1.2,0.8
-71,0.34084277527556317,0.3602269221886293,0.07527240863283248,0.2674467817807141,0.6,0.4,1.8,0.2
-60,0.22423328153537392,0.24496398965195149,0.35237311690725015,0.05846355830960741,0.7,0.3,1.0,1.0
-56,0.3333742504763721,0.35490487513512775,0.40671032479914565,0.20232825114533853,0.7,0.3,1.4,0.6
-59,0.22801430417616275,0.24880325493577446,0.39264804017768706,0.08227502811902075,0.7,0.3,1.1,0.9
-62,0.4112329788283263,0.436463213637107,0.2705475816809495,0.27366978617421345,0.65,0.35,1.7,0.3
-63,0.41076022884080887,0.4095225146178914,0.2100574477849995,0.24005886007831662,0.65,0.35,1.6,0.4
-64,0.3133222548139205,0.3307142566250913,0.1627741334275809,0.1579224706352281,0.65,0.35,1.5,0.5
-65,0.30359926414766436,0.3172643689878026,0.15214363131246764,0.1504999650068277,0.65,0.35,1.5,0.5
0,0.006343789532540028,0.0064131768997897805,-0.004955419754418018,0.005457388330772223,0.5,0.5,1.0,1.0
-66,0.2725254616082951,0.2732401721288406,0.06102223518440363,0.1266532307826931,0.65,0.35,1.4,0.6
-81,0.27129496237985334,0.28307333891790143,0.02541363511955523,0.15659174373140655,0.55,0.45,1.8,0.2
-68,0.15041995697718608,0.16670222560998296,0.03761268490082771,0.04212840173369466,0.65,0.35,1.2,0.8
-70,0.13775540959217353,0.12866295118976714,0.043815439178090096,0.04574684284198567,0.65,0.35,1.0,1.0
-67,0.1958038951335327,0.19773423947333663,0.03740390075501393,0.1140233081367398,0.65,0.35,1.3,0.7
-72,0.29874001716989884,0.3079508104859845,0.01940031428690347,0.1622915455427541,0.6,0.4,1.7,0.3
-69,0.14703241751972784,0.15194922134692027,0.016340926733841805,0.06167242805959159,0.65,0.35,1.1,0.9
-73,0.2044087604134476,0.20869412911400875,-0.0031476319740180846,0.11751597343618596,0.6,0.4,1.6,0.4
-99,0.010679266162472565,0.00986267549219759,-0.005205959931023424,0.005963920003374754,0.5,0.5,1.1,0.9
-98,0.007563165269488248,0.008950821377580253,-0.005301436139129561,0.011422579112300671,0.5,0.5,1.2,0.8
-91,0.1280256711843608,0.1537677215080703,-0.001965237839164393,0.125633050086278,0.5,0.5,1.8,0.2
-97,0.006259401430208402,0.00692888531974995,0.0061479267732556745,0.024674160835966314,0.5,0.5,1.3,0.7
-96,0.042133453110289494,0.038091767148571105,-0.0019705793505753848,0.030604510620389495,0.5,0.5,1.4,0.6
-74,0.21023135635051315,0.22163443437259198,-0.005372544503737642,0.1180355436649496,0.6,0.4,1.5,0.5
-75,0.20059257865430394,0.1923597405453141,-0.0026329590800718557,0.10882995204614211,0.6,0.4,1.5,0.5
-76,0.14368902356304145,0.1465417915084861,-0.0064046723219869164,0.060087632093560474,0.6,0.4,1.4,0.6
-82,0.2094630803826114,0.21904237708669774,-0.0032399953052896103,0.13849097649030073,0.55,0.45,1.7,0.3
-85,0.1166459324432873,0.11389471588302494,-0.005866202580271468,0.0507554865841289,0.55,0.45,1.5,0.5
-78,0.08522551673026664,0.09509100726579751,-0.0015938357923823854,0.03224218316346781,0.6,0.4,1.2,0.8
-84,0.11409075335922482,0.12581720814271613,-0.008813465212925722,0.06369054774554321,0.55,0.45,1.5,0.5
-77,0.09641976370741817,0.10182545453099019,-0.003949503038297551,0.06291009875866979,0.6,0.4,1.3,0.7
-79,0.0649661768880475,0.06125331678574309,-0.006138897100546997,0.02023447416340455,0.6,0.4,1.1,0.9
-83,0.17905052980867572,0.18724849489844808,0.0013735546025392664,0.09115678239807583,0.55,0.45,1.6,0.4
-80,0.03809488887927431,0.03800469449651044,-0.005018747535603242,0.024233140571823172,0.6,0.4,1.0,1.0
-86,0.0727841821946077,0.0946655484370399,-0.004613551327424645,0.051751941938159914,0.55,0.45,1.4,0.6
-92,0.108607615798609,0.10618254836869498,-0.004704044758759906,0.08921344857183898,0.5,0.5,1.7,0.3
-88,0.03467265456157607,0.031805461807047485,-0.0023997014051881206,0.0224775581011759,0.55,0.45,1.2,0.8
-90,0.022622987741611283,0.0202997248121831,-0.004991038777174286,0.006817892933176823,0.55,0.45,1.0,1.0
-87,0.046743473283591686,0.045057532997282025,-0.00764867876353707,0.029643114869475372,0.55,0.45,1.3,0.7
-89,0.03091420735430028,0.03220604292734162,-0.004521084974867098,0.02055586593400287,0.55,0.45,1.1,0.9
-94,0.05641933682508728,0.05533783288414764,0.002945895840338612,0.04281872260333674,0.5,0.5,1.5,0.5
-93,0.06821169238126376,0.07059364198750556,0.005984631688745499,0.047279589308166,0.5,0.5,1.6,0.4
-95,0.06539506505305331,0.07029132375755003,-0.0013220365252077679,0.0368548571574115,0.5,0.5,1.5,0.5
