-10037.96081135994,-9719.577361148566,-9509.477069307894,-9354.530382116765,-9232.847874685942,-9133.460268444273,-9050.092203425771,-8978.817389762,-8917.01616957182,-8862.854021256564,-8814.9969183273,-8772.445174688664,-8734.431128307462,-8700.353329733707,-8669.732652870955,-8642.182123032875,-8617.385635047143,-8595.08261161886,-8575.056739795673,-8557.127576405925,-8541.144217801526,-8526.980486585553,-8514.531255654774,-8503.709641531943,-8494.444875164612,-8486.680712220354,-8480.37428503521,-8475.49533049082,-8472.025755853974,-8469.959530223117,-8469.30291416118,-8470.075065871582,-8472.309091230445,-8476.053640914477,-8481.375206657356,-8488.361339376008,-8497.12511886956,-8507.811372050348,-8520.605407003246,-8535.745484025701,-8553.541041508359,-8574.40016655363,-8598.872679377573,-8627.721191636616,-8662.04585241106,-8703.520862579573,-8754.888923867284,-8821.142802736722,-8912.977713446535,-9061.298934458311
-9844.191876996269,-9550.767068931786,-9347.577462255513,-9195.312851498113,-9074.911529078638,-8976.203978324302,-8893.212815428182,-8822.144216941448,-8760.444943669492,-8706.316867424692,-8658.44733540385,-8615.849941393624,-8577.76567136415,-8543.598938628082,-8512.874735591146,-8485.209078065354,-8460.288105040021,-8437.852983716892,-8417.688811756798,-8399.616337603038,-8383.485710805964,-8369.171723984608,-8356.570171542668,-8345.59506010999,-8336.17648182475,-8328.259016451218,-8321.800569772198,-8316.77158857337,-8313.15461990477,-8310.944206283077,-8310.147131013173,-8310.783051115988,-8312.885582440997,-8316.503936507168,-8321.705257271813,-8328.577877112526,-8337.235818826603,-8347.825038158118,-8360.532171598361,-8375.597006016675,-8393.330674699146,-8414.14302654754,-8438.585402109562,-8467.420781406861,-8501.74596412191,-8543.221339719883,-8594.548757716586,-8660.611011980242,-8751.773729744858,-8897.383771546563
-9699.876856389968,-9431.083191519103,-9238.974079428624,-9091.754023051431,-8974.062160950427,-8877.011729170032,-8795.126264412942,-8724.840063284306,-8663.717497374784,-8610.027035613342,-8562.496530582104,-8520.165630646816,-8482.292854889778,-8448.294865559883,-8417.705490619881,-8390.14730177521,-8365.3114296119,-8342.942935809717,-8322.830029217846,-8304.796001407236,-8288.69312621992,-8274.39800505016,-8261.807996047166,-8250.838471440076,-8241.420721262994,-8233.500375382559,-8227.036256080411,-8221.999605050076,-8218.373654559533,-8216.153535028301,-8215.346532561227,-8215.972732512393,-8218.0661119351,-8221.676178789112,-8226.870304670661,-8233.736969206822,-8242.390242041765,-8252.975996266463,-8265.680617370119,-8280.743422384885,-8298.474785714832,-8319.283386954678,-8343.718706979946,-8372.54040478134,-8406.838274242113,-8448.25566890973,-8499.449499217653,-8565.177726318796,-8655.428224698417,-8798.342836214018
-9586.494575494104,-9334.721325553299,-9153.92483818901,-9012.85470669722,-8898.63407907458,-8803.732169641113,-8723.289343018265,-8654.03312290224,-8593.67989530901,-8540.58377501552,-8493.524358337234,-8451.574379441558,-8414.014511165702,-8380.276824095678,-8349.906210836358,-8322.533409859147,-8297.85572728387,-8275.622997593306,-8255.627192832044,-8237.694626865494,-8221.680041751644,-8207.462084402496,-8194.93982885123,-8184.030099941444,-8174.665424936871,-8166.792490900167,-8160.3710243153555,-8155.373039591742,-8151.782427741544,-8149.59487801796,-8148.818145862152,-8149.472702573328,-8151.59282863837,-8155.228247525928,-8160.446445519338,-8167.335894358437,-8176.010500940809,-8186.6157756721395,-8199.337479955055,-8214.41396042256,-8232.154149789776,-8252.964607008442,-8277.391610922072,-8306.189641623947,-8340.43912948282,-8381.763982186,-8432.77481737219,-8498.108203067293,-8587.431735574302,-8728.184817401618
-9494.363539203256,-9253.95549382924,-9082.697106046095,-8947.933121519074,-8837.609226484676,-8745.192562988988,-8666.429037713635,-8598.371622609458,-8538.913627795513,-8486.510190476884,-8440.001884820536,-8398.500197758713,-8361.311558858843,-8327.88582356035,-8297.780569588864,-8270.635837819189,-8246.155922109565,-8224.096017868793,-8204.252287729812,-8186.4543765436765,-8170.5597138057165,-8156.4491431824235,-8144.023554541564,-8133.201287542656,-8123.916142264399,-8116.115880901546,-8109.761141237215,-8104.824711315866,-8101.2911382980155,-8099.156665143649,-8098.429508724148,-8099.130514589172,-8101.294249802071,-8104.97062982737,-8110.227223891098,-8117.15245398533,-8125.860009481923,-8136.494965452717,-8149.242359273532,-8164.339421886164,-8182.093420088542,-8202.908430280613,-8227.326937516014,-8256.097307437614,-8290.289290999277,-8331.506133135415,-8382.313846484592,-8447.245312140412,-8535.737781873695,-8674.806543457229
-9417.551994854855,-9185.034668835639,-9021.2205707124,-8892.23111201764,-8785.891313265935,-8696.159534625107,-8619.250520730295,-8552.525589143823,-8494.0633535921,-8442.429918272459,-8396.534167778842,-8355.531235136801,-8318.756514508199,-8285.679770316881,-8255.872700267422,-8228.985638550583,-8204.730565050942,-8182.8685360701575,-8163.200266468117,-8145.558994672601,-8129.8050278428,-8115.821543180285,-8103.511343717986,-8092.79435249923,-8083.605690470097,-8075.89422875302,-8069.621540503526,-8064.761204791666,-8061.2984374464695,-8059.2300436904225,-8058.5647067582395,-8059.32364785629,-8061.541718604167,-8065.269021269774,-8070.57320007961,-8077.542617004368,-8086.290731238049,-8096.962166032112,-8109.7412098181585,-8124.863933852204,-8142.635854957666,-8163.458406824339,-8187.869993682642,-8216.612414808063,-8250.744241733131,-8291.848380285528,-8342.451300519024,-8407.005951731873,-8494.795404214034,-8632.560131889826
-9352.259189202341,-9125.483355970124,-8967.385397703021,-8843.342469543702,-8740.792084094499,-8653.79657044199,-8578.849448372705,-8513.558747941015,-8456.175486287731,-8405.377971073201,-8360.147343486717,-8319.685962636664,-8283.36086906762,-8250.66363315444,-8221.18139583989,-8194.575711009507,-8170.566900032775,-8148.922349684111,-8129.447667332821,-8111.979933800799,-8096.3825170098835,-8082.541063059811,-8070.360388702186,-8059.762075615776,-8050.682622618271,-8043.072053688573,-8036.8929118709,-8032.119594816216,-8028.738009141562,-8026.745539901089,-8026.151350231984,-8026.977046899509,-8029.257772790396,-8033.043821096704,-8038.4029133411495,-8045.423352754527,-8054.218369171939,-8064.932134086852,-8077.7481841814,-8092.901420082834,-8110.695579984963,-8131.529396081922,-8155.937099942692,-8184.653856892511,-8218.727314821332,-8259.721772066263,-8310.13119254547,-8374.351151313189,-8461.56490476455,-8598.332951150089
-9295.924162864334,-9073.497697010112,-8919.838004383755,-8799.900135591335,-8700.775450544095,-8616.434807915477,-8543.482440223077,-8479.690044320561,-8423.449936755655,-8373.543876874153,-8329.024463007618,-8289.1427355595,-8253.299131631957,-8221.008515793703,-8191.874612934605,-8165.571038323965,-8141.82706853193,-8120.416868279895,-8101.151265447783,-8083.87142547597,-8068.443957410002,-8054.757111771538,-8042.717821985431,-8032.249407700432,-8023.289807873158,-8015.790249283425,-8009.71428582011,-8005.037167917697,-8001.745521845563,-7999.837336874129,-7999.322276490187,-8000.222349956498,-8002.573005320474,-8006.424738130746,-8011.845356901283,-8018.923114890403,-8027.771021177761,-8038.532804454894,-8051.391259050949,-8066.580124666398,-8084.401372285301,-8105.251055471045,-8129.65930692193,-8158.354915234165,-8192.37545080736,-8233.269199701408,-8283.504967743382,-8347.439393997805,-8434.19347479477,-8570.215492413048
-9246.749622221707,-9027.726162989256,-8877.58294142146,-8761.021619564564,-8664.897923608636,-8583.036442403361,-8512.042047151088,-8449.770653189677,-8394.71520950269,-8345.743866553687,-8301.974836386407,-8262.706613001954,-8227.373437614297,-8195.514303491687,-8166.750344599795,-8140.767926331069,-8117.305818931666,-8096.145374595336,-8077.102949988459,-8060.024026930742,-8044.778630521426,-8031.257748787822,-8019.370534297942,-8009.042124908257,-8000.211963938002,-7992.8325337159085,-7986.868443454755,-7982.295834740332,-7979.102087115275,-7977.28582376001,-7976.857234782767,-7977.8387551793,-7980.266158769835,-7984.190161981991,-7989.67867745169,-7996.819925081704,-8005.7267103834365,-8016.542338425849,-8029.448884590516,-8044.6789597430925,-8062.532818983568,-8083.403934458217,-8107.818551084482,-8136.499576902159,-8170.475706027453,-8211.282098253736,-8261.36905349523,-8325.068445028914,-8411.465343924276,-8546.945374151253
-9203.431559800334,-8987.140235875555,-8839.842540417972,-8726.069511623808,-8632.532325230302,-8552.92362240075,-8483.795612498263,-8423.028153009185,-8369.174102169538,-8321.166255950313,-8278.178450634048,-8239.552691873681,-8204.755858345921,-8173.35104674766,-8144.977169532999,-8119.333792298356,-8096.169592352127,-8075.273452506196,-8056.467530399299,-8039.6018356550785,-8024.549972389617,-8011.2057918817445,-7999.480763715657,-7989.301921397764,-7980.61027539211,-7973.359616044018,-7967.515653179001,-7963.055459772464,-7959.967205161771,-7958.2501800097925,-7957.915132101921,-7958.984951012364,-7961.495763317138,-7965.498531951315,-7971.061298695904,-7978.272275584501,-7987.244092045366,-7998.1196613799375,-8011.080380362189,-8026.35778785727,-8044.250513249765,-8065.149607523687,-8089.57773911985,-8118.252574378886,-8152.195270510704,-8192.930644552182,-8242.89608369363,-8306.409358150935,-8392.53856193022,-8527.642033312808
-9164.997072104647,-8950.94546832752,-8805.994894461383,-8694.547385263608,-8603.22721171745,-8525.629960096296,-8458.240956307493,-8398.92689554294,-8346.266681853507,-8299.235363274873,-8257.049930052424,-8219.089731063037,-8184.85157238771,-8153.921671642979,-8125.956529025606,-8100.669042564741,-8077.818032026393,-8057.200154219731,-8038.643583158359,-8022.003034336691,-8007.155833269857,-7993.998806719681,-7982.445829706508,-7972.425901913714,-7963.881658641704,-7956.768247174137,-7951.052521164975,-7946.7125246147825,-7943.737254031138,-7942.12670338367,-7941.892212738954,-7943.057159821389,-7945.658056754274,-7949.74614546827,-7955.389629903011,-7962.676749073507,-7971.719995035419,-7982.6619351241625,-7995.683345953622,-8011.014775786502,-8028.953352811,-8049.88791498784,-8074.337927416618,-8103.016512939788,-8136.938616311192,-8177.621193946908,-8227.49324458889,-8290.866420588236,-8376.805753424609,-8511.66660814445
-9130.702914353114,-8918.519054324628,-8775.537023199166,-8666.052316135188,-8576.635060945078,-8500.816443589945,-8435.02122156865,-8377.085440854682,-8325.59008474673,-8279.5326647694,-8238.160251777785,-8200.881967387037,-8167.220563673316,-8136.783475890059,-8109.2439994762535,-8084.328125241712,-8061.804827928931,-8041.478649876903,-8023.183918640113,-8006.780186237021,-7992.148611999937,-7979.189090259039,-7967.817975338556,-7957.966292436969,-7949.578350486434,-7942.610695609333,-7937.031363273763,-7932.819404741729,-7929.964679529818,-7928.467921025747,-7928.341098174228,-7929.608113957654,-7932.305903762758,-7936.486027231834,-7942.216891045196,-7949.586805169972,-7958.708174098205,-7969.723278761272,-7982.812351439168,-7998.2050533305455,-8016.197163723975,-8037.17554812519,-8061.6568709335015,-8090.350409818609,-8124.266119935445,-8164.9152119209,-8214.721876323983,-8277.99762592161,-8363.814747046137,-8498.541756020333
-9099.969770447922,-8889.365849434593,-8748.058734138944,-8640.25052116252,-8552.475239204083,-8478.223417312458,-8413.87291745151,-8357.225012453275,-8306.848513604322,-8261.7480594669,-8221.188752190255,-8184.601455346306,-8151.530048394019,-8121.60051627109,-8094.501584401151,-8069.97170682854,-8047.789774281154,-8027.768168711821,-8009.747410950245,-7993.591959449278,-7979.186880746877,-7966.435202326469,-7955.255812311815,-7945.581805514661,-7937.359200687687,-7930.545974128207,-7925.111372491142,-7921.03548399428,-7918.309062664052,-7916.933615316869,-7916.92177641194,-7918.2980132794255,-7921.099725980375,-7925.378835808327,-7931.2039994535635,-7938.66365006098,-7947.8701644898465,-7958.965609290889,-7972.129763573323,-7987.591523502431,-8005.645492622539,-8026.676823948688,-8051.19979036247,-8079.920487957972,-8113.844966861083,-8154.4804450760375,-8204.249095353001,-8267.466757177615,-8353.220618529967,-8487.902773066426
-9072.338327322037,-8863.087148537374,-8723.222930061931,-8616.862616192298,-8530.514277383374,-8457.643085508174,-8394.59382003012,-8339.136270287368,-8289.820604031405,-8245.648162606985,-8205.892134930164,-8169.997498260697,-8137.524106851653,-8108.11330349074,-8081.467397584706,-8057.336307458858,-8035.508341386868,-8015.803502051487,-7998.068431265501,-7982.1724918872105,-7968.004684145054,-7955.471202295593,-7944.493499343301,-7935.006765168543,-7926.958748666838,-7920.30887373658,-7915.027615533898,-7911.096118963404,-7908.506056503125,-7907.259737444387,-7907.3704960191335,-7908.863403010197,-7911.776366671368,-7916.161717780236,-7922.088415767574,-7929.645076151536,-7938.944116689744,-7950.127472064756,-7963.374571976696,-7978.913684053304,-7997.038423930459,-8018.132501970659,-8042.708201576603,-8071.469050591897,-8105.418135172102,-8146.060109739716,-8195.817274078168,-8259.013104075777,-8344.755314724747,-8479.46627922871
-9047.439108801693,-8839.358258567117,-8700.7505667742,-8595.653318912862,-8510.554645092645,-8438.903639951368,-8377.023078501423,-8322.657565582074,-8274.337479863441,-8231.054856518254,-8192.0835923752,-8156.876190511086,-8125.003475828026,-8096.118717024229,-8069.935620279203,-8046.214255393401,-8024.751604047071,-8005.374894236797,-7987.936695949394,-7972.3111943720805,-7958.391296903134,-7946.086362074647,-7935.320412565284,-7926.030737794252,-7918.166818857685,-7911.6895279888195,-7906.570570868033,-7902.792155314071,-7900.346885049637,-7899.237892553491,-7899.479240760055,-7901.096640577784,-7904.128552102421,-7908.627765689693,-7914.663600232353,-7922.324918267292,-7931.724253794734,-7943.003500357113,-7956.341851624736,-7971.967093728241,-7990.172051842791,-8011.33926719932,-8035.979422325002,-8064.794037495724,-8098.784044765538,-8139.452689017778,-8189.224020746654,-8252.43156181351,-8338.207644108114,-8473.009352914329
-9024.97125503342,-8817.9121684357,-8680.409121891307,-8576.42362965104,-8492.42771269029,-8421.85990593731,-8361.028862635436,-8307.66063720844,-8260.267750831323,-8217.830375110827,-8179.618258631645,-8145.086231562541,-8113.811619782418,-8085.456228715942,-8059.742800483833,-8036.440013618011,-8015.352567594584,-7996.314352759903,-7979.1835523650225,-7963.839007307122,-7950.1774485599135,-7938.111357632269,-7927.567303879995,-7918.484658775262,-7910.814618282794,-7904.519485235253,-7899.572179940127,-7895.955962469794,-7893.664365610924,-7892.701353542184,-7893.081737946495,-7894.831901072108,-7897.99089619059,-7902.612023632606,-7908.765020799589,-7916.539065721722,-7926.046888961375,-7937.430439571036,-7950.868795260511,-7966.5894146403425,-7984.884535418999,-8006.135803176071,-8030.852673377826,-8059.735172275638,-8093.78277756806,-8134.498255107197,-8184.308613994202,-8247.559121335107,-8333.409654061143,-8468.355183109736
-9004.687276341185,-8798.527492100891,-8662.003724329586,-8559.00467107806,-8475.988866064647,-8406.387607541006,-8346.500653245479,-8294.041194484798,-8247.507184448807,-8205.866753989034,-8168.382815055129,-8134.508797028758,-8103.824836932387,-8075.998171330633,-8050.758216861747,-8027.880591077353,-8007.176596206606,-7988.486075847056,-7971.672395288649,-7956.618799404898,-7943.225700080835,-7931.408620388226,-7921.096625386001,-7912.231129677506,-7904.765007846676,-7898.661956823754,-7893.896076207534,-7890.451647969796,-7888.323113006839,-7887.515259228201,-7888.043654009924,-7889.935372956582,-7893.230098478355,-7897.9816891967,-7904.260360507507,-7912.1556765764035,-7921.780648078825,-7933.277380037478,-7946.82495828739,-7962.650671606076,-7981.046375415361,-8002.393090771259,-8027.19940634324,-8056.164330079197,-8090.286499560544,-8131.068959013216,-8180.942558885699,-8244.265446620788,-8330.227096115541,-8465.36294831428
-8986.381895323118,-8781.019447011466,-8645.370296661982,-8543.252768422457,-8461.113834731097,-8392.379638878494,-8333.344371402662,-8281.712716364827,-8235.971585430398,-8195.078305489886,-8158.287936518488,-8125.050138447271,-8094.9450499809955,-8067.642686657422,-8042.876932689523,-8020.428657855718,-8000.11455808139,-7981.779608031518,-7965.2918210023045,-7950.5385127057425,-7937.423574305342,-7925.8654487174035,-7915.795618580195,-7907.157483135177,-7899.90554262599,-7894.004834414542,-7889.43058280156,-7886.168039979172,-7884.212511897709,-7883.569581271703,-7884.25556013442,-7886.298225667762,-7889.737916139885,-7894.629091701322,-7901.042503440244,-7909.068172736621,-7918.819475574065,-7930.438775421659,-7944.105292074375,-7960.046303083478,-7978.553486032539,-8000.007504416585,-8024.9164287184085,-8053.978696588768,-8088.192659142306,-8129.062271523193,-8179.022863783886,-8242.446152947065,-8328.552598351824,-8463.920529592639
-8969.883748720684,-8765.233020228421,-8630.370222190884,-8529.045502254172,-8447.695794189924,-8379.74346746296,-8321.479230018085,-8270.602362824617,-8225.591893291363,-8185.396238811867,-8149.262750886388,-8116.636087595151,-8087.094442710591,-8060.308500931512,-8036.014679732962,-8013.997500183013,-7994.077820926595,-7976.104855112109,-7959.9506485010415,-7945.5061815974905,-7932.678566660311,-7921.389005159225,-7911.571293418028,-7903.170740023963,-7896.143404991773,-7890.455599027772,-7886.083599778414,-7883.013556964107,-7881.241574278819,-7880.773975143033,-7881.627781834708,-7883.8314619661405,-7887.426022190662,-7892.46655844752,-7899.024410621323,-7907.190126879661,-7917.077533890843,-7928.829356651257,-7942.625074766177,-7958.692111834113,-7977.32216874799,-7998.89581235215,-8023.920933077083,-8053.095827207076,-8087.419075232572,-8128.396096199043,-8178.4671683004635,-8242.017923756126,-8328.300686789527,-8463.939181094434
-8955.049130283403,-8751.037734940945,-8616.886172803643,-8516.27853654792,-8435.643023133483,-8368.3992078636,-8310.83562733886,-8260.648266611257,-8216.310817098878,-8176.764820535676,-8141.250762735674,-8109.207935603776,-8080.211407658185,-8053.930981467295,-8030.104017659042,-8008.517256898244,-7988.994537928841,-7971.3883979851935,-7955.57424659753,-7941.446263832856,-7928.914473526435,-7917.902636515321,-7908.346734627819,-7900.1938967110755,-7893.401668546046,-7887.937559452599,-7883.7788175312035,-7880.912399447869,-7879.335115091894,-7879.053946165542,-7880.086561907774,-7882.462083315475,-7886.222177465402,-7891.422596167797,-7898.135312849113,-7906.451468094118,-7916.485423318206,-7928.380367676215,-7942.3161653357365,-7958.520540320715,-7977.28541257189,-7998.99150503482,-8024.146855475795,-8053.4500342462525,-8087.900347680686,-8129.005193108295,-8179.210167054415,-8242.914914376472,-8329.40410635739,-8465.349590252274
-8941.757217613993,-8738.323605674881,-8604.818827798279,-8504.863068861965,-8424.87699178305,-8358.278124566958,-8301.353676902125,-8251.797722529025,-8208.080534625838,-8169.138648286887,-8134.206860216681,-8102.719332464991,-8074.247455123174,-8048.459117672245,-8025.091403791088,-8003.93206708132,-7984.8068520382985,-7967.570732938017,-7952.101794612025,-7938.296911186099,-7926.068665813943,-7915.343144594373,-7906.058363739759,-7898.1631719581665,-7891.616523598158,-7886.387051406963,-7882.452887525141,-7879.8016937965285,-7878.430873951951,-7878.347956405867,-7879.571160491394,-7882.130190472774,-7886.067337576815,-7891.439008424635,-7898.317841106223,-7906.795626908707,-7916.987342894068,-7929.036743702576,-7943.124201229231,-7959.477890694011,-7978.390140042771,-8000.242070859907,-8025.542183135322,-8054.989724917488,-8089.585217566687,-8130.838546627707,-8181.200966998514,-8245.086081690155,-8331.811080721094,-8468.098951129841
-8929.906397348697,-8726.997990452255,-8594.084284070166,-8494.723782602165,-8415.330801385902,-8349.321436933109,-8292.982138446974,-8244.00595998654,-8200.861127160886,-8162.480731515532,-8128.09513176149,-8097.133959945249,-8069.16484796488,-8043.853189395036,-8020.934929305498,-8000.197878886304,-7981.468765472414,-7964.604184535867,-7949.48422303506,-7936.007926498398,-7924.090054739713,-7913.658754979716,-7904.653905111734,-7897.0259633526675,-7890.7352160894425,-7885.7513512216465,-7882.053305117046,-7879.629342446973,-7878.477335746047,-7878.605222682437,-7880.0316398613,-7882.786764701203,-7886.913438762639,-7892.468692095463,-7899.525837484522,-7908.177362804747,-7918.538935758376,-7930.754975500708,-7945.006483240501,-7961.52223278526,-7980.595141962231,-8002.606961884888,-8028.066954546991,-8057.675435447812,-8092.434627229761,-8133.857433105159,-8184.401138486782,-8248.493200163417,-8335.483269426108,-8472.148796397943
-8919.411417947313,-8716.983131385165,-8584.612010144358,-8485.797207948543,-8406.947917578587,-8341.479356796364,-8285.67761623376,-8237.23529873827,-8194.619522694014,-8156.761159000213,-8122.887293034637,-8092.423799899698,-8064.934798283028,-8040.082962272098,-8017.602557665929,-7997.2807494328945,-7978.944499915575,-7962.4513146489035,-7947.682657453068,-7934.539230737823,-7922.937573747331,-7912.8076080827595,-7904.090880976446,-7896.739339939267,-7890.714529247171,-7885.987136403771,-7882.536839409272,-7880.3524166842435,-7879.432085456567,-7879.784038639691,-7881.427163672938,-7884.39195616649,-7888.721686792017,-7894.473935719196,-7901.722668901586,-7910.561096617787,-7921.105641825641,-7933.501483201065,-7947.93037144738,-7964.62182408275,-7983.869524651433,-8006.0560729192,-8031.691775227333,-8061.478385724742,-8096.420308165311,-8138.0340228059895,-8188.7833001057315,-8253.109404566458,-8340.394258723714,-8477.473413467136
-8910.201178302203,-8708.214233892018,-8576.343235305272,-8478.03041969463,-8399.681154454882,-8334.710318621437,-8279.403950649697,-8231.45456419126,-8189.328792843212,-8151.956194632344,-8118.561577216125,-8088.567866931806,-8061.536108420014,-8037.126299314426,-8015.0707541408565,-7995.155520069175,-7977.207226806391,-7961.0837038306545,-7946.667240713238,-7933.8597149285,-7922.579051553161,-7912.75664751484,-7904.33551081189,-7897.268947498595,-7891.519686968624,-7887.059375970726,-7883.868397365456,-7881.93598254773,-7881.260588894779,-7881.850511039582,-7883.724697288619,-7886.913761951452,-7891.461227677219,-7897.4250959659175,-7904.879918696085,-7913.919622790731,-7924.66143327399,-7937.251375907015,-7951.872069379683,-7968.753919476603,-7988.191547710875,-8010.568611648811,-8036.396726175507,-8066.3794315018495,-8101.523776157519,-8143.350401655611,-8194.330130402555,-8258.918154429051,-8346.528475481375,-8484.058724419117
-8902.217015909468,-8700.637976894403,-8569.22969420482,-8471.380017951695,-8393.49187667704,-8328.980377898715,-8274.13176304916,-8226.638688813888,-8184.96770126424,-8148.047688943984,-8115.101980623437,-8085.551308105514,-8058.954170222254,-8034.968110631166,-8013.323430809828,-7993.804789102702,-7976.238085353,-7960.481018690715,-7946.416244627724,-7933.946387360804,-7922.990386459058,-7913.480815593236,-7905.361924431044,-7898.588235989771,-7893.123590074303,-7888.940565465848,-7886.0202426974565,-7884.352286290103,-7883.935329873321,-7884.777641503306,-7886.898037598279,-7890.327017063982,-7895.108118211809,-7901.299566048566,-7908.976367480506,-7918.233112058689,-7929.187843804841,-7941.9875091098465,-7956.815709667513,-7973.90388518683,-7993.547767476278,-8016.132275095027,-8042.170579628874,-8072.368327701495,-8107.7356475926945,-8149.797931643665,-8201.033735017663,-8265.912554247345,-8353.880451685778,-8491.901547282872
-8895.411398346328,-8694.211377274043,-8563.232669576464,-8465.811352239905,-8388.3493957626,-8324.262763013474,-8269.83813348309,-8222.768458594936,-8181.520438968298,-8145.02272866305,-8112.497785343174,-8083.36479783451,-8057.180259247935,-8033.599585568814,-8012.351155610287,-7993.2181305648755,-7976.025433703326,-7960.630306614564,-7946.915409358972,-7934.783752455005,-7924.154957503318,-7914.962490879924,-7907.151622646715,-7900.677941886238,-7895.506318041122,-7891.610241561433,-7888.971509929656,-7887.580247736595,-7887.435260062731,-7888.544714704584,-7890.927133075963,-7894.612654377429,-7899.6445452494945,-7906.080978358272,-7913.997200930406,-7923.48834004992,-7934.673226922674,-7947.699776168729,-7962.752679059563,-7980.064556527268,-7999.932427334606,-8022.7426744241475,-8049.010263875352,-8079.443243050423,-8115.055215616329,-8157.376890888754,-8208.89532061877,-8274.094991911585,-8362.454396605224,-8501.009184000433
-8889.746951302475,-8688.900955127221,-8558.322293097443,-8461.297961709904,-8384.230544605112,-8320.537572756719,-8266.506403030258,-8219.830384492532,-8178.976509006229,-8142.873473497166,-8110.7433040073865,-8082.004176089702,-8056.211078127601,-8033.017667915634,-8012.1505909579,-7993.391526378828,-7976.564299226761,-7961.525480391252,-7948.157469472967,-7936.363377722501,-7926.063227512173,-7917.19112189128,-7909.693138308143,-7903.525776106331,-7898.654844765676,-7895.054724340065,-7892.707965033545,-7891.605220959033,-7891.745532144322,-7893.136973982599,-7895.797680147989,-7899.757217482725,-7905.058270026442,-7911.75860811747,-7919.933403353755,-7929.67809585727,-7941.112195601341,-7954.384586763371,-7969.681137528047,-7987.23579656192,-8007.347054300046,-8030.402969366878,-8056.920539121513,-8087.61048693073,-8123.490244126294,-8166.0963501539345,-8217.92514097183,-8283.477078163052,-8372.26405894937,-8511.399302145863
-8885.19577877202,-8684.682164443437,-8554.477078566304,-8457.821214830443,-8381.11942181601,-8317.791617729803,-8264.12610081262,-8217.816692959292,-8177.330742588581,-8141.59715054773,-8109.8378111994225,-8081.4702947080805,-8056.0485177375585,-8033.224747880862,-8012.724140308514,-7994.326993190701,-7977.856009388519,-7963.166972025041,-7950.141842591393,-7938.6836217289865,-7928.712509007284,-7920.163026818271,-7912.981866313462,-7907.126283812486,-7902.562931021659,-7899.267046284679,-7897.221970739496,-7896.418985230841,-7896.857490980779,-7898.545574831813,-7901.500999641231,-7905.752635032503,-7911.342300870819,-7918.326969732437,-7926.7813162675375,-7936.800740628133,-7948.505208726372,-7962.04449684034,-7977.6056975355705,-7995.424224513719,-8015.800233914525,-8039.123687344156,-8065.913861685752,-8096.884425949431,-8133.056954247913,-8175.974255944192,-8228.142688754282,-8294.079882686725,-8383.332885002053,-8523.100096067588
-8881.739048602218,-8681.539068578388,-8551.683673590422,-8455.370141495538,-8379.0073049857,-8316.018410068864,-8262.693002777994,-8216.725440135006,-8176.583443556063,-8141.196193958194,-8109.785642672419,-8081.769051359529,-8056.699617754164,-8034.228556099046,-8014.079791894645,-7996.032396309116,-7979.907997069002,-7965.561548710434,-7952.874470999456,-7941.749510296062,-7932.10687776464,-7923.881342682697,-7917.020045115417,-7911.480856869386,-7907.231170668352,-7904.247039244393,-7902.512621999449,-7902.019930193977,-7902.768894047504,-7904.767804846254,-7908.03420392426,-7912.596283866214,-7918.494824890545,-7925.785626207706,-7934.542365391151,-7944.859903818047,-7956.858281797392,-7970.687963420225,-7986.5372371343,-8004.643090432456,-8025.307543971583,-8048.922712088152,-8076.010425180283,-8107.287581233386,-8143.780193143998,-8187.0377040101985,-8239.57711319778,-8305.934467786787,-8395.694501492306,-8536.15073136093
-8879.366831278432,-8679.4642527125,-8549.936826898002,-8453.941459769088,-8377.892739834526,-8315.218312768391,-8262.209336372753,-8216.560763379084,-8176.740670386017,-8141.678532140822,-8110.596458765556,-8082.911604814925,-8058.1767207506045,-8036.042256270388,-8016.231159400994,-7998.521453531744,-7982.733785131081,-7968.722296033373,-7956.367819622736,-7945.5727615271435,-7936.257231822611,-7928.356119933997,-7921.816884994265,-7916.597893549904,-7912.667182802904,-7910.001565875305,-7908.58602915323,-7908.413403819224,-7909.484327352498,-7911.807547562798,-7915.400657896019,-7920.291374772167,-7926.519452660976,-7934.139265367954,-7943.222992075182,-7953.8643294479925,-7966.1828149519215,-7980.329206584862,-7996.492826122107,-8014.912277213066,-8035.891632605638,-8059.825432834266,-8087.238375474409,-8118.850908153196,-8155.6937888747925,-8199.323402419857,-8252.267852609211,-8319.08272000487,-8409.393572048266,-8550.602097829673
-8878.078193256672,-8678.458977650793,-8549.239579125768,-8453.539809051186,-8377.78182092344,-8315.39886792858,-8262.684153270939,-8217.333293060303,-8177.814676425658,-8143.058038671409,-8112.285683190115,-8084.914779585513,-8060.4978273901415,-8038.684745420964,-8019.197730923372,-8001.81394276755,-7986.353166291164,-7972.668785454791,-7960.641046736491,-7950.171973764316,-7941.18150712157,-7933.604571289441,-7927.388850863329,-7922.493113321859,-7918.885957343409,-7916.544899809325,-7915.455744633548,-7915.612205439169,-7917.015785428228,-7919.675955398784,-7923.610716493885,-7928.847681857952,-7935.4258393431855,-7943.398129489024,-7952.8348686488,-7963.82792340524,-7976.495557465015,-7990.9881749772585,-8007.49575077004,-8026.258413926214,-8047.5824285916215,-8071.865048454465,-8099.634201409814,-8131.614268126941,-8168.841107031013,-8212.878339957142,-8266.265485592805,-8333.57847839236,-8424.487088611491,-8566.517925251348
-8877.881560026146,-8678.533592155338,-8549.60369653333,-8454.17821213878,-8378.688689779448,-8316.575333111923,-8264.133902223388,-8219.06075820452,-8179.824541343427,-8145.355177152169,-8114.875143894115,-8087.801683812078,-8063.687175574783,-8042.181185362746,-8023.005351535213,-8005.936140883468,-7990.792607719075,-7977.427456843196,-7965.720378225756,-7955.573005722307,-7946.905076201565,-7939.651498246569,-7933.760121124802,-7929.190048121716,-7925.910376606577,-7923.8992773762875,-7923.143351831255,-7923.637230279632,-7925.38340147674,-7928.392296970498,-7932.682699340894,-7938.2826036925735,-7945.230727587206,-7953.57890181646,-7963.395525787973,-7974.77011113053,-7987.818774989013,-8002.690639507345,-8019.575635518982,-8038.715088476926,-8060.417472403451,-8085.083021557044,-8113.243305583848,-8145.627107326376,-8183.275834407475,-8227.760691889956,-8281.632826101913,-8349.488963641275,-8441.046158481877,-8583.976360076058
-8878.795380366293,-8679.708236168157,-8551.050380959927,-8455.878801678995,-8380.636289031014,-8318.771467656807,-8266.583246893155,-8221.768833013732,-8182.797041423216,-8148.5978865793195,-8118.393960375645,-8091.60258269609,-8067.776084878625,-8046.563807124863,-8027.686982672538,-8010.92153884077,-7996.085927279741,-7983.032264434886,-7971.639734324333,-7961.809596818634,-7953.461375483472,-7946.529937336823,-7940.963261509373,-7936.720747644024,-7933.771951466696,-7932.095662187599,-7931.6792588048165,-7932.518302966647,-7934.616347722782,-7937.9849684196715,-7942.644060585893,-7948.622508084526,-7955.959407802126,-7964.706130966638,-7974.929551468697,-7986.716688191929,-8000.180765081077,-8015.46849853416,-8032.768692087905,-8052.323160212562,-8074.442359096104,-8099.529676805076,-8128.120759306079,-8160.94935950056,-8199.063021684402,-8244.04100930202,-8298.446312801074,-8366.896532992358,-8459.158333574045,-8603.072166451424
-8880.849144504506,-8682.013887084908,-8553.61130755925,-8458.673863813727,-8383.657428273666,-8322.020627985945,-8270.066190934858,-8225.49228916764,-8186.76782517565,-8152.822773938527,-8122.879743405229,-8096.3560924328185,-8072.80413084304,-8051.873053613561,-8033.2838051885565,-8016.811901995045,-8002.275312305124,-7989.525658800962,-7978.441682394712,-7968.92430099281,-7960.892832458186,-7954.282093861716,-7949.0401773355725,-7945.126758630268,-7942.511831173602,-7941.174784209523,-7941.103763471598,-7942.2952700213045,-7944.753969969443,-7948.492708128761,-7953.532747802269,-7959.9043062422825,-7967.6475335803825,-7976.8142005365125,-7987.470496104694,-7999.701403137784,-8013.616976624013,-8029.360486768117,-8047.118201585104,-8067.131211987188,-8089.711298628211,-8115.264940422951,-8144.33224508047,-8177.652590486066,-8216.280421144298,-8261.803749159391,-8316.79776830015,-8385.900824135953,-8478.930514750073,-8623.919801473949
-8884.084838646315,-8685.493829057723,-8557.330067642299,-8462.607276564795,-8387.796242047536,-8326.367255739577,-8274.627597531016,-8230.276544116523,-8191.782986709636,-8158.076707748726,-8128.380201359906,-8102.110789050412,-8078.8207441221575,-8058.1591569267475,-8039.8467648100395,-8023.658777087736,-8009.412785229409,-7996.960011598045,-7986.178824277962,-7976.9698431402485,-7969.2522007784455,-7962.960667895241,-7958.043443985494,-7954.460472404479,-7952.182176953477,-7951.188542931257,-7951.4684843175555,-7953.019453740341,-7955.84726561397,-7959.9661179159775,-7965.398818639569,-7972.177256804463,-7980.343218961199,-7989.949760477815,-8001.063510614832,-8013.76848815149,-8028.17208705681,-8044.413644957219,-8062.67548776421,-8083.19628299279,-8106.2878526081,-8132.359240355231,-8161.95519767324,-8195.821405094164,-8235.020159523046,-8281.149211165106,-8336.796625437053,-8406.621400985125,-8500.492478934239,-8646.657701633958
-8888.558961947872,-8690.205666227115,-8562.264132328437,-8467.736457838928,-8393.110157786801,-8331.868880293501,-8280.325228398326,-8236.179733442921,-8197.901167446842,-8164.4189449922615,-8134.955286952671,-8108.92736716531,-8085.8873711334045,-8065.484289489536,-8047.438702668988,-8031.52559283286,-8017.562267433773,-8005.399638598046,-7994.915777138409,-7986.011059329901,-7978.604464866562,-7972.630732172946,-7968.038170513744,-7964.786988695372,-7962.848039991587,-7962.201909798036,-7962.838291340826,-7964.755608889332,-7967.960859764961,-7972.469658126672,-7978.306477926887,-7985.505115029005,-7994.1094304405315,-8004.174519039223,-8015.768602674017,-8028.976195306536,-8043.903373314845,-8060.686069377555,-8079.5018857876785,-8100.585244332003,-8124.246056462187,-8150.89467308831,-8181.080201124005,-8215.555162670014,-8255.390802942113,-8302.195962353866,-8358.5727385928,-8429.201065185058,-8524.001146155848,-8671.454155504241
-8894.345297826923,-8696.224062701232,-8568.487511516369,-8474.134996113838,-8399.672550591775,-8338.598816871763,-8287.232487034062,-8243.275494919355,-8205.196376105863,-8171.923983187559,-8142.680077677977,-8116.8815436581735,-8094.080393524504,-8073.925489739525,-8056.137276423165,-8040.490565650582,-8026.802459685624,-8014.923646382165,-8004.7319797246855,-7996.1276581628035,-7989.0295549771945,-7983.372403651807,-7979.104635494538,-7976.186728399644,-7974.589967008603,-7974.295542791567,-7975.293942296943,-7977.584586153665,-7981.175692669591,-7986.084349917604,-7992.336791088831,-7999.968883119959,-8009.026865744435,-8019.5684337332395,-8031.664371670102,-8045.401177513969,-8060.88547932543,-8078.251449759069,-8097.672463568925,-8119.377546730253,-8143.672469941617,-8170.966787903852,-8201.812863523695,-8236.970157694825,-8277.519946973745,-8325.08388457198,-8382.279939313246,-8453.810050262413,-8549.645828380864,-8698.51508016903
-8901.538733613972,-8703.64448786855,-8576.094374779232,-8481.896229527872,-8407.576356553753,-8346.649838021956,-8295.44214811198,-8251.656748843192,-8213.761813352176,-8180.685425303288,-8151.648678751162,-8126.067996324245,-8103.4950985569985,-8083.5786578941415,-8066.038972807117,-8050.650718761139,-8037.230856605123,-8025.6299306436495,-8015.725663028616,-8007.41815291959,-8000.6262316041875,-7995.284674178562,-7991.342063026109,-7988.759160489152,-7987.507690363806,-7987.56945725473,-7988.935753659564,-7991.607019779638,-7995.592732609491,-8000.911510544274,-8007.591429172191,-8015.670555336809,-8025.197724643189,-8036.233623469073,-8048.852315724847,-8063.143528053026,-8079.2163502167805,-8097.205551112585,-8117.282233677058,-8139.670433145147,-8164.670239492257,-8192.687864230618,-8224.276825331697,-8260.202764125823,-8301.557732051608,-8349.978182627456,-8408.100639031512,-8480.651416293094,-8577.654864557711,-8728.093917765971
-8910.260585652659,-8712.588397363761,-8585.20404834202,-8491.138189810306,-8416.939071816365,-8356.139255300384,-8305.07151586459,-8261.44092073307,-8223.715148997264,-8190.821306368494,-8161.979597825285,-8136.605787054985,-8114.251150709398,-8094.564074128524,-8077.264668078601,-8062.127478017623,-8048.969368564043,-8037.640812550681,-8028.019487350786,-8020.005483683131,-8013.51767592481,-8008.490953059534,-8004.8741042366055,-8002.628215124394,-8001.725473744847,-8002.1483145069515,-8003.888850852657,-8006.948562914522,-8011.338218778926,-8017.078017923279,-8024.1979545567965,-8032.738408570177,-8042.750985487693,-8054.299651155721,-8067.462259418125,-8082.332692763756,-8099.024107800398,-8117.6743071084,-8138.455038895939,-8161.58760469547,-8187.366692945126,-8216.193298335174,-8248.619371733588,-8285.414825717236,-8327.682400236275,-8377.07531139912,-8436.252272716647,-8509.968297067806,-8608.304296840059,-8760.503950323451
-8920.666156486604,-8723.210527954612,-8595.968046216318,-8502.010579775966,-8427.909825685007,-8367.216115891897,-8316.269726388105,-8272.777327194472,-8235.205976286097,-8202.481608732896,-8173.823319588834,-8148.645997663337,-8126.50029200213,-8107.034166338976,-8089.967464629121,-8075.074576474447,-8062.172290479543,-8051.111064664339,-8041.768614274104,-8034.045119784518,-8027.85960249337,-8023.147165933373,-8019.856896531486,-8017.950279165473,-8017.400025770062,-8018.189245410926,-8020.310906463938,-8023.767558197015,-8028.571291866103,-8034.743931821086,-8042.317456381569,-8051.334657793394,-8061.850062483118,-8073.931151552886,-8087.659958551281,-8103.135206755041,-8120.475350131561,-8139.823326564411,-8161.354644195387,-8185.29144120989,-8211.925573979679,-8241.652986089457,-8275.021900233702,-8312.80367303522,-8356.110310469483,-8406.613175666089,-8466.997716203226,-8542.054740156751,-8641.929932439743,-8796.133918170364
-8932.955713716874,-8735.709405897653,-8608.580214216308,-8514.704892801228,-8440.679671133765,-8380.07168513512,-8329.228383149655,-8285.857926908737,-8248.426655374324,-8215.859186374055,-8187.373306572559,-8162.382807816671,-8140.437501013405,-8121.18475608809,-8104.344030307721,-8089.689493034215,-8077.037844206868,-8066.239558867219,-8057.172457918548,-8049.736906540666,-8043.852186347926,-8039.45373877823,-8036.491072864408,-8034.926192974731,-8034.7324446766615,-8035.893707301181,-8038.403884401946,-8042.266660570667,-8047.495506528118,-8054.113925254731,-8062.15594130974,-8071.666844717714,-8082.704211679034,-8095.339240264375,-8109.658468351086,-8125.766004829938,-8143.786557286353,-8163.869894744262,-8186.198114992984,-8210.99824031857,-8238.5637197456,-8269.288438630814,-8303.716909833942,-8342.619248975285,-8387.113715859457,-8438.88966942791,-8500.664208247026,-8577.274548171878,-8678.94632628787,-8835.469390510249
-8947.390910923847,-8750.34291913996,-8623.291831445991,-8529.46959010568,-8455.497068933499,-8394.95523557826,-8344.19757912816,-8300.933517992138,-8263.628652869664,-8231.206228076231,-8202.882574803625,-8178.070177302548,-8156.3177808722685,-8137.271956002443,-8120.65161262405,-8106.230593534124,-8093.8254581406245,-8083.286696388921,-8074.492275926727,-8067.342824115207,-8061.7579901586805,-8057.6736840264675,-8055.039984870161,-8053.81957441502,-8053.986593603379,-8055.525851444867,-8058.4323381059585,-8062.711012294539,-8068.376847422025,-8075.455132813903,-8083.982036226837,-8094.00544313292,-8105.586098192289,-8118.799087985045,-8133.735728110709,-8150.5059692398945,-8169.241558874094,-8190.10048689464,-8213.273875916191,-8238.997590537616,-8267.572145012015,-8299.395145726026,-8335.011091157317,-8375.188383072535,-8421.047538273368,-8474.29282786885,-8537.676532316444,-8616.096074394156,-8719.881294718496,-8879.126528418263
-8964.320238865817,-8767.452223785598,-8640.43500382024,-8546.633829673017,-8472.692158215203,-8412.19880132824,-8361.511023381823,-8318.339160072628,-8281.14821535724,-8248.860151817877,-8220.68978315971,-8196.04810873098,-8174.482579958397,-8155.638740731961,-8139.2347599465065,-8125.044009147818,-8112.882815706974,-8102.601644024201,-8094.07861441976,-8087.214663707142,-8081.929892820821,-8078.160797439599,-8075.858173558552,-8074.985553011972,-8075.5180670382,-8077.441666939888,-8080.752654408764,-8085.457492894078,-8091.57288707219,-8099.1261309179845,-8108.15573666157,-8118.712367580075,-8130.860108059457,-8144.678116845537,-8160.262729524793,-8177.730118873757,-8197.21972473217,-8218.898916445121,-8242.969913320065,-8269.68102371652,-8299.34558050191,-8332.372772666193,-8369.315354215303,-8410.944968133315,-8458.38253468365,-8513.340758077045,-8578.605840752994,-8659.149796490727,-8765.43961350913,-8927.915207974229
-8984.220234738015,-8787.500154381318,-8660.46081692522,-8566.646546186674,-8492.716753052588,-8432.257921884038,-8381.627405499588,-8338.53608632382,-8301.448774588993,-8269.286448021496,-8241.262457264611,-8216.786197449752,-8195.40362150319,-8176.759021774223,-8160.569620275707,-8146.608150638354,-8134.690588168638,-8124.667298652639,-8116.416526177649,-8109.83952889115,-8104.8569094478,-8101.4058357307495,-8099.437942927352,-8098.917771182405,-8099.821636407339,-8102.136863036524,-8105.861331303879,-8111.003310903629,-8117.581569534273,-8125.625759940612,-8135.177103351158,-8146.28940108995,-8159.03042009101,-8173.4837132792545,-8189.750956303818,-8207.954920206328,-8228.24328931816,-8250.793757472782,-8275.821352178451,-8303.589918558971,-8334.43098277929,-8368.773966378301,-8407.19207510711,-8450.473515901262,-8499.747116754643,-8556.729253830283,-8624.230972529538,-8707.308095306005,-8816.604528974116,-8982.960863907587
-9007.76594953754,-8811.136835849788,-8684.005893229172,-8590.145129850125,-8516.214428896432,-8455.782819841686,-8405.202656128236,-8362.185052086772,-8325.195321945073,-8293.153970530004,-8265.273071478134,-8240.960382581268,-8219.760216024142,-8201.31543364245,-8185.342135734606,-8171.612267702387,-8159.941335283379,-8150.179522874006,-8142.205149550828,-8135.919778864324,-8131.24453165946,-8128.117297542561,-8126.490635196939,-8126.330214871883,-8127.613700049211,-8130.329996829233,-8134.478823576944,-8140.0705728384755,-8147.126454536188,-8155.678925431919,-8165.7724258789785,-8177.46446179541,-8190.8270883749265,-8205.948873576886,-8222.937447233384,-8241.922785804702,-8263.061472859468,-8286.54238680359,-8312.594754373393,-8341.500455884228,-8373.613751117444,-8409.392319460227,-8449.44338196333,-8494.592484615481,-8546.00083496291,-8605.401826878451,-8675.621658186268,-8761.794236803486,-8874.782316457618,-9045.908389660688
-9035.960312687184,-8839.321708544081,-8712.019005562202,-8618.086090081577,-8544.15291040443,-8483.75227937621,-8433.22583245281,-8390.284495172788,-8353.394783078875,-8321.477299517966,-8293.743128061806,-8269.598479967955,-8248.586016611063,-8230.347118733749,-8214.59670472709,-8201.105875034233,-8189.689616911671,-8180.197893565084,-8172.5090695659965,-8166.524996964441,-8162.16731404229,-8159.3746521049325,-8158.1005393034,-8158.311853716733,-8159.987722169472,-8163.118793396636,-8167.706838598859,-8173.764652142547,-8181.316242317915,-8190.397318340333,-8201.056096549291,-8213.354467272446,-8227.369585424065,-8243.195974589577,-8260.948270375324,-8280.764785210846,-8302.81218293897,-8327.291779877118,-8354.448487260894,-8384.584362322395,-8418.080038522101,-8455.42806675036,-8497.281903669684,-8544.527079513462,-8598.396425114288,-8660.69174400337,-8734.282521870815,-8824.36343724574,-8942.037971468788,-9119.244764555171
-9070.396008748585,-8873.578557353321,-8746.029334675419,-8652.018832669475,-8578.09898459518,-8517.750750859052,-8467.300324879558,-8424.45673832725,-8387.687205539205,-8355.912463864215,-8328.342831103393,-8304.383236589052,-8283.57495093664,-8265.558117845258,-8250.046694628978,-8236.811126140106,-8225.666032440648,-8216.461266577366,-8209.075312500412,-8203.410355034104,-8199.388574946297,-8196.949362738962,-8196.047237821436,-8196.650323618649,-8198.739274482059,-8202.306583441085,-8207.356225067055,-8213.903607977649,-8221.975829019299,-8231.612237743193,-8242.865337055518,-8255.802065482367,-8270.50553016124,-8287.077290002906,-8305.64033030966,-8326.342935340188,-8349.363785132391,-8374.918854630792,-8403.27123494618,-8434.746031264705,-8469.753938139955,-8508.828035752567,-8552.678123540623,-8602.26949478038,-8658.947602732962,-8724.665308059271,-8802.45886414905,-8897.649648075869,-9021.561059551797,-9206.92853417704
-9113.865558221481,-8916.617380105004,-8788.796775058947,-8694.737505954236,-8620.870436071551,-8560.625756886307,-8510.310916057168,-8467.626665772168,-8431.036323915972,-8399.458666956558,-8372.102808638438,-8348.372807132553,-8327.809315094328,-8310.052115569575,-8294.815050243215,-8281.868653838806,-8271.027793895966,-8262.14269098961,-8255.09229874671,-8249.779376290475,-8246.126802190262,-8244.074818423702,-8243.578986855398,-8244.608706394058,-8247.146186113956,-8251.185804329287,-8256.733810049001,-8263.80834442725,-8272.439778067077,-8282.671377225484,-8294.560329839282,-8308.179182698315,-8323.617766373422,-8340.985718148493,-8360.415761429233,-8382.06797615214,-8406.135430406383,-8432.85181579198,-8462.50230078844,-8495.439920597322,-8532.11146103899,-8573.098156003407,-8619.176892907211,-8671.410846771118,-8731.294076971171,-8801.011810590557,-8883.960943093183,-8985.935355869973,-9118.679211487244,-9315.870801765097
-9172.124635412165,-8974.207625444633,-8846.22483063331,-8752.185539376835,-8678.453162318843,-8618.42803305389,-8568.389998980785,-8526.0163419549,-8489.754201844627,-8458.513104091373,-8431.497895701077,-8408.111488152052,-8387.895169690064,-8370.490270022772,-8355.612543261812,-8343.034478238444,-8332.572768076921,-8324.079266635787,-8317.434374034523,-8312.54215505424,-8309.32671908187,-8307.72953749556,-8307.70747453053,-8309.231377553559,-8312.285122476147,-8316.865046447623,-8322.979727669092,-8330.650094543578,-8339.909865952735,-8350.80634321798,-8363.401594007699,-8377.77409090028,-8394.02089483071,-8412.260509956797,-8432.636588764772,-8455.322750367983,-8480.528928310088,-8508.509973231707,-8539.577876323483,-8574.120201010404,-8612.629142775413,-8655.747324482105,-8704.3374077676,-8759.587216673068,-8823.181215213111,-8897.614380443274,-8986.825906221091,-9097.620493202501,-9243.44411504574,-9459.952431443284
-9261.680652773868,-9063.28170561158,-8935.518051576968,-8841.758469155928,-8768.462404088765,-8708.991096817925,-8659.582528156032,-8617.884300783302,-8582.319327242185,-8551.778208987647,-8525.453394479653,-8502.741664820402,-8483.183004178733,-8466.420513507637,-8452.173307106446,-8440.217802018251,-8430.374601176516,-8422.499177904705,-8416.47518186307,-8412.209579965505,-8409.629105469352,-8408.677661756588,-8409.314443742496,-8411.512618724137,-8415.258462753156,-8420.55088701353,-8427.40131722155,-8435.833912037515,-8445.886127110785,-8457.609652258972,-8471.07177268712,-8486.357233370629,-8503.570721503607,-8522.840129288164,-8544.320825595469,-8568.201265760104,-8594.710440868836,-8624.127999215802,-8656.798550729833,-8693.152985903218,-8733.74175647388,-8779.287426538176,-8830.76602829756,-8889.533424072333,-8957.536103136317,-9037.702503633349,-9134.750295935093,-9257.063617446374,-9421.867737407483,-9674.524671184165
