-inf,-inf,-inf,-inf,-inf,-inf,-inf,-inf,-inf,-inf,-inf,-inf,-inf,-inf,-inf,-inf,-inf,-inf,-inf,-inf,-inf,-inf,-inf,-inf,-inf,-inf,-inf,-inf,-inf,-inf,-inf,-inf,-inf,-inf,-inf,-inf,-inf,-inf,-inf,-inf,-inf,-inf,-inf,-inf,-inf,-inf,-inf,-inf,-inf,-inf
-inf,-8964.723540690396,-8800.280834314995,-8700.970006482461,-8630.412473813663,-8576.363945950223,-8533.08982183489,-8497.42160105373,-8467.418179868326,-8441.80201014485,-8419.686520908606,-8400.430805290634,-8383.55623661412,-8368.695780720709,-8355.561714948446,-8343.924262437135,-8333.596984614842,-8324.426513369952,-8316.285158560899,-8309.065473279305,-8302.676184445227,-8297.039096025746,-8292.086698356976,-8287.760298818494,-8284.008543313661,-8280.786234693696,-8278.053379568617,-8275.7744127118,-8273.917560940357,-8272.454317531141,-8271.359004969258,-8270.608408832259,-8270.181469374322,-8270.059020229523,-8270.22356583971,-8270.659090900475,-8271.35089643269,-8272.285458116221,-8273.45030333469,-8274.833904024621,-8276.425582936907,-8278.215431332077,-8280.194236464267,-8282.353417479942,-8284.684968578435,-8287.181408462347,-8289.835735255452,-8292.641386189049,-8295.592201460478,-8298.682391753293
-inf,-8799.02816255447,-8649.801155572743,-8559.452315460247,-8494.89285759134,-8445.149040871627,-8405.137512874928,-8372.048848157736,-8344.152372780029,-8320.301429476383,-8299.695246122637,-8281.751662489945,-8266.033733641492,-8252.204871196027,-8240.000127738633,-8229.207103281233,-8219.652838571883,-8211.194570288813,-8203.713055388662,-8197.10765084531,-8191.29262111412,-8186.194322165177,-8181.749022961258,-8177.901198177158,-8174.602174499152,-8171.809045815818,-8169.483795420848,-8167.592579390519,-8166.105136752399,-8164.994300354049,-8164.2355884199305,-8163.806861294288,-8163.688031249784,-8163.86081580307,-8164.308526937326,-8165.015890142725,-8165.968888361305,-8167.15462684453,-8168.561215659832,-8170.17766716163,-8171.993806207042,-8174.00019127,-8176.188044911533,-8178.549192311649,-8181.076006771194,-8183.761361260102,-8186.598585226829,-8189.581425999824,-8192.70401420819,-8195.960832730074
-inf,-8699.41340249875,-8558.711885364071,-8473.584466589304,-8412.80732537892,-8365.968308018724,-8328.25405862558,-8297.025333800419,-8270.66738697028,-8248.113714424788,-8228.61961627469,-8211.642883856553,-8196.775677033549,-8183.703097040292,-8172.176706825701,-8161.996914981997,-8153.000865331088,-8145.053879143383,-8138.043263925087,-8131.873742011238,-8126.464014163025,-8121.7441350045265,-8117.653479840444,-8114.139149350388,-8111.154703301799,-8108.659144801058,-8106.61609765069,-8104.993134207411,-8103.761221737411,-8102.894262951974,-8102.368712049884,-8102.163251785924,-8102.258520233397,-8102.636878297512,-8103.282210865269,-8104.179755891149,-8105.315956817925,-8106.6783345964595,-8108.255376250556,-8110.036437477256,-8112.01165720769,-8114.171882405097,-8116.508601660583,-8119.013886379226,-8121.680338539068,-8124.501044161536,-8127.469531761553,-8130.579735152725,-8133.8259600728115,-8137.202854169975
-inf,-8628.710670524571,-8493.846638742023,-8412.320576167565,-8354.174658510552,-8309.416196225273,-8273.408265594755,-8243.605831212479,-8218.455879296678,-8196.937263257783,-8178.339931155831,-8162.148342143501,-8147.975221096784,-8135.521601691541,-8124.551492653833,-8114.875129133329,-8106.337505183029,-8098.810287962942,-8092.185972933285,-8086.373568161997,-8081.295348482334,-8076.88437456543,-8073.082569334987,-8069.839207319364,-8067.109714541594,-8064.854705088606,-8063.039200269421,-8061.631990200403,-8060.605107621497,-8059.933390978776,-8059.594119122668,-8059.56670392317,-8059.832430073275,-8060.374233607425,-8061.176512390028,-8062.224963165114,-8063.506440800295,-8065.008836175388,-8066.720969814069,-8068.632498872016,-8070.733835507968,-8073.016074998199,-8075.470932224418,-8078.090685386019,-8080.868125968388,-8083.796514147382,-8086.869538934102,-8090.081282465551,-8093.426187933192,-8096.899030712373
-inf,-8574.527199977754,-8444.011437864521,-8365.225100927242,-8309.0768156919,-8265.902590865508,-8231.210710975887,-8202.52961487719,-8178.349035130496,-8157.67638838104,-8139.822901248148,-8124.289890620758,-8110.703769318618,-8098.776755113692,-8088.282000456827,-8079.037221284996,-8070.893547785508,-8063.7277031881895,-8057.436374018443,-8051.93206612051,-8047.139994429954,-8042.995708623904,-8039.443253264335,-8036.433723120699,-8033.924115304654,-8031.876407483336,-8030.256810474496,-8029.035156884477,-8028.184396981198,-8027.6801798962915,-8027.500503317294,-8027.625418597068,-8028.036781036692,-8028.718037248131,-8029.65404315014,-8030.83090742526,-8032.235856259737,-8033.8571159688945,-8035.683810729036,-8037.705873129191,-8039.913965651542,-8042.299411507828,-8044.854133518008,-8047.570599928413,-8050.441776239815,-8053.461082258482,-8056.622353701461,-8059.9198077855435,-8063.348012311398,-8066.901857823342
-inf,-8531.116268248248,-8403.997223657982,-8327.409220708845,-8272.86862158169,-8230.966634463779,-8197.332975375602,-8169.55945461407,-8146.171922888377,-8126.200330214133,-8108.97134855006,-8093.997843888549,-8080.915443881974,-8069.444003922951,-8059.363117777692,-8050.495964972002,-8042.698314078344,-8035.850825561425,-8029.853529697958,-8024.621776798278,-8020.083208309802,-8016.175451515531,-8012.844337470911,-8010.042504215354,-8007.728288347141,-8005.864835626841,-8004.419380165662,-8003.362654933163,-8002.66840566988,-8002.312987029336,-8002.2750247002505,-8002.535130909013,-8003.075663438082,-8003.880520368986,-8004.93496434586,-8006.225471382079,-8007.739600188302,-8009.465878751405,-8011.393705488084,-8013.513262770626,-8015.8154410024445,-8018.2917717276305,-8020.934368507689,-8023.7358745019665,-8026.689415854727,-8029.788560129652,-8033.027279145918,-8036.3999156651325,-8039.9011534570345,-8043.525990338875
-inf,-8495.316323137557,-8370.937961251491,-8296.17146226832,-8242.97351990922,-8202.13346152335,-8169.381669968901,-8142.3649497339875,-8119.641177532246,-8100.260143684521,-8083.561611319423,-8069.067677300281,-8056.420923929295,-8045.346757359743,-8035.629392603524,-8027.09595712295,-8019.605636610911,-8013.0420646979255,-8007.307861939461,-8002.3206351364515,-7998.009991175466,-7994.315269982314,-7991.183796697513,-7988.569515201278,-7986.431906185115,-7984.735120655789,-7983.44727874428,-7982.539896922394,-7981.987416091493,-7981.766809730622,-7981.857256184491,-7982.239862782275,-7982.89743217261,-7983.81426329587,-7984.975980967361,-7986.369389242382,-7987.982344664249,-7989.803646226913,-7991.82293946008,-7994.030632504232,-7996.417822411174,-7998.976230202343,-8001.698143458456,-8004.5763654102475,-8007.604169661846,-8010.775259810747,-8014.083733339068,-8017.524049241824,-8021.090998935147,-8024.779680051011
-inf,-8465.19273600638,-8343.080024073086,-8269.856004996594,-8217.807039477142,-8177.877631393007,-8145.881201189423,-8119.51195817887,-8097.356246570741,-8078.481776749208,-8062.240120864816,-8048.161527343724,-8035.894486744616,-8025.168908747477,-8015.772609223625,-8007.535712468274,-8000.319972405461,-7994.011264968886,-7988.5141886261345,-7983.748103122165,-7979.644171387317,-7976.143114834056,-7973.193484829276,-7970.75031359319,-7968.774048110804,-7967.229698038724,-7966.086147496401,-7965.315593868805,-7964.89308614187,-7964.796142045214,-7965.004428192083,-7965.499491025291,-7966.264529073987,-7967.284199056117,-7968.544449905141,-7970.032379986055,-7971.736113685348,-7973.644694278453,-7975.747990545402,-7978.036615055429,-7980.501852401905,-7983.135595958578,-7985.9302919638385,-7988.878889930732,-7991.974798538065,-7995.211846286892,-7998.584246314156,-8002.086564844181,-8005.713692833196,-8009.4608204246015
-inf,-8439.471751522411,-8319.268256844716,-8247.37172746549,-8196.322893502982,-8157.189469645374,-8125.853421218814,-8100.049602697427,-8078.389533770522,-8059.957124752857,-8044.114756476174,-8030.400147690129,-8018.467138869356,-8008.049616219109,-7998.938468565863,-7990.966288674723,-7983.996884670997,-7977.9178922583715,-7972.635449963962,-7968.070284415017,-7964.1547817986175,-7960.830762890915,-7958.047768798003,-7955.761723154157,-7953.93387569354,-7952.52995882663,-7951.519507390249,-7950.875304797447,-7950.572928132635,-7950.590371470279,-7950.907731612306,-7951.506944070263,-7952.3715598245,-7953.48655543166,-7954.838170600399,-7956.413768543887,-7958.201715336768,-7960.191275221713,-7962.372519374548,-7964.736246083926,-7967.273910658258,-7969.977563659318,-7972.839796293283,-7975.85369197919,-7979.012783268488,-7982.311013416697,-7985.7427020129835,-7989.3025141606895,-7992.985432774707,-7996.78673362248
-inf,-8417.268475014724,-8298.699289097842,-8227.959927999455,-8177.792768799269,-8139.364869189768,-8108.615059232135,-8083.312974035597,-8062.092293099668,-8044.051513835624,-8028.562911493544,-8015.171111494436,-8003.534912123465,-7993.3918598788905,-7984.5356260367735,-7976.80098437158,-7970.053506982163,-7964.1822998831885,-7959.094760351963,-7954.712716329022,-7950.96953327564,-7947.807912362184,-7945.178191611684,-7943.037018747914,-7941.3463025972305,-7940.072375861685,-7939.185320120747,-7938.658416661812,-7938.467695871359,-7938.591564547189,-7939.010495356673,-7939.706766273757,-7940.664240527962,-7941.868179637445,-7943.305083652158,-7944.9625539248555,-7946.829174651288,-7948.894410140521,-7951.148515341452,-7953.582457599603,-7956.187847974178,-7958.956880731447,-7961.882279861608,-7964.957251653015,-7968.175442511002,-7971.530901334367,-7975.018045865933,-7978.631632519761,-7982.366729259372,-7986.218691161439
-inf,-8397.94231237364,-8280.790673272148,-8211.07069591682,-8161.688555643837,-8123.892646828466,-8093.6693318397065,-8068.818041144113,-8047.991906952902,-8030.302509822542,-8015.1311541079185,-8002.02884928175,-7990.659013778329,-7980.7626145185895,-7972.135913325526,-7964.615692698244,-7958.069121219292,-7952.386606564956,-7947.476634565472,-7943.261965360622,-7939.676779411004,-7936.664502472858,-7934.176124959665,-7932.168887197844,-7930.605239397504,-7929.452010529235,-7928.67973788854,-7928.26212154731,-7928.175576795335,-7928.398864150771,-7928.912781285023,-7929.699904756218,-7930.744372111932,-7932.031696943429,-7933.548611019201,-7935.282928816026,-7937.223430688849,-7939.359761642337,-7941.682343233999,-7944.182296588265,-7946.851374857886,-7949.681903756532,-7952.666729017007,-7955.799169817224,-7959.072977369052,-7962.482297990264,-7966.021640083265,-7969.685844529915,-7973.47005808252,-7977.369709391406
-inf,-8381.01413200162,-8265.106007978082,-8196.292082289256,-8147.6146128682985,-8110.389561498782,-8080.643372125318,-8056.201086681536,-8035.73290366452,-8018.362105886735,-8003.478210169261,-7990.638111941741,-7979.509533313819,-7969.836649132346,-7961.418157790639,-7954.092727633977,-7947.7290153548065,-7942.218626877168,-7937.471033406566,-7933.409822878472,-7929.969885699841,-7927.0952681535055,-7924.737511964642,-7922.854353815203,-7921.4086953345795,-7920.3677790317315,-7919.702522887612,-7919.386978480692,-7919.397886219369,-7919.714307578517,-7920.317318893592,-7921.189754736647,-7922.3159915123315,-7923.681763899868,-7925.274008291207,-7927.080728553726,-7929.090880362485,-7931.294271065709,-7933.681472613223,-7936.243745527117,-7938.972972251855,-7941.861598509138,-7944.902581514207,-7948.089344098729,-7951.41573393855,-7954.875987210416,-7958.464696104944,-7962.176779708896,-7966.00745784107,-7969.952227484968
-inf,-8366.115924715994,-8251.30947587404,-8183.307092382191,-8135.266528012631,-8098.5606302550295,-8069.249951717841,-8045.181656768832,-8025.040934539533,-8007.961521526709,-7993.340385417812,-7980.739833489667,-7969.831588272205,-7960.362831706674,-7952.134559493734,-7944.987223043127,-7938.790885038509,-7933.43827815213,-7928.839791901279,-7924.91977592551,-7921.613763925224,-7918.866355276864,-7916.629575393108,-7914.861590488241,-7913.525688684143,-7912.589463996593,-7912.02415674693,-7911.804115901594,-7911.906357388729,-7912.310198638749,-7912.996954155371,-7913.9496803181955,-7915.15296017545,-7916.592720932308,-7918.256078334941,-7920.13120330909,-7922.2072071153525,-7924.474041993709,-7926.922414831477,-7929.543711834914,-7932.329932542568,-7935.273631805112,-7938.367868588378,-7941.606160645152,-7944.98244425459,-7948.491038354189,-7952.126612493409,-7955.884158123123,-7959.758962807221,-7963.7465870015185
-inf,-8352.95873482315,-8239.136889961062,-8171.866310827019,-8124.404824162973,-8088.173760683006,-8059.26296049312,-8035.538805384888,-8015.699685422031,-7998.88867598864,-7984.509494403123,-7972.12941265676,-7961.423863208241,-7952.14284181714,-7944.08950899887,-7937.106004803689,-7931.063727032564,-7925.856478282647,-7921.39551733922,-7917.605910219313,-7914.423789834268,-7911.794264509489,-7909.669798671249,-7908.008942963599,-7906.77532691093,-7905.936851560148,-7905.465036339467,-7905.334486177528,-7905.522453356357,-7906.008474675312,-7906.774068986149,-7907.802483491802,-7909.078479709235,-7910.588151904079,-7912.31877226937,-7914.2586582564045,-7916.397058352816,-7918.724053301417,-7921.230470306358,-7923.907808214652,-7926.74817201477,-7929.744215278794,-7932.889089405722,-7936.176398711321,-7939.600160563372,-7943.154769887418,-7946.834967471733,-7950.635811586524,-7954.552652503742,-7958.581109563658
-inf,-8341.311422927614,-8228.376514539097,-8161.76978358178,-8114.837542874617,-8079.042912491305,-8050.501096470169,-8027.095271126623,-8007.535491527285,-7990.973185791703,-7976.818182454845,-7964.642301000159,-7954.124407566673,-7945.0171256830745,-7937.125652719339,-7930.293727049606,-7924.394015691379,-7919.3213409333675,-7914.987790356058,-7911.319111614415,-7908.252005109353,-7905.732057657412,-7903.712142471753,-7902.151164137089,-7901.013062723558,-7900.266015238697,-7899.881789238305,-7899.8352150961,-7900.103751766143,-7900.667126903718,-7901.507036633746,-7902.606893541189,-7903.951613925649,-7905.52743723711,-7907.321772047752,-7909.323064029257,-7911.52068227488,-7913.904820991347,-7916.4664141288495,-7919.19706095176,-7922.08896090069,-7925.134856378841,-7928.327982322865,-7931.662021605903,-7935.131065472317,-7938.729578329365,-7942.452366324863,-7946.294549225505,-7950.251535182385,-7954.318998029764
-inf,-8330.986137725677,-8218.855936125798,-8152.854626026581,-8106.408328155628,-8071.016560318975,-8042.816669633885,-8019.706598426102,-8000.406750692342,-7984.076040296958,-7970.129830989147,-7958.1441042675815,-7947.80089957718,-7938.8552901613275,-7931.114386590777,-7924.423438078494,-7918.656317545304,-7913.708819816978,-7909.493824815519,-7905.9377322944465,-7902.977784866376,-7900.56002497544,-7898.637712923603,-7897.170085912615,-7896.121373169127,-7895.460006030163,-7895.15797831843,-7895.190323898447,-7895.53468655485,-7896.170963303261,-7897.081006621277,-7898.248374334265,-7899.658118327875,-7901.296605108196,-7903.151362647271,-7905.210949047885,-7907.464839416927,-7909.903328009967,-7912.51744324351,-7915.298873597959,-7918.2399027764395,-7921.333352762409,-7924.572533643344,-7927.951199252365,-7931.463507830043,-7935.103987033487,-7938.86750272233,-7942.749231036885,-7946.7446333551925,-7950.849433774637
-inf,-8321.828099254131,-8210.432821322298,-8144.986306646241,-8098.988045491062,-8063.969571164272,-8036.087707117563,-8013.253454791109,-7994.196438629655,-7978.082298677932,-7964.331417663318,-7952.523585925838,-7942.343772913725,-7933.549332455226,-7925.949169390982,-7919.389958966122,-7913.746718523003,-7908.916169954199,-7904.811951042045,-7901.361086636859,-7898.501339547691,-7896.179189029427,-7894.348265575691,-7892.9681231321665,-7892.003264634288,-7891.422360359798,-7891.197614882086,-7891.304249861563,-7891.72007808344,-7892.425150064438,-7893.401458885122,-7894.632692121182,-7896.104022158569,-7897.8019280066555,-7899.714043122994,-7901.829024845717,-7904.136441872427,-7906.62667688782,-7909.29084196771,-7912.12070480584,-7915.108624147646,-7918.247493086553,-7921.530689100669,-7924.95202988834,-7928.505734210248,-7932.186387067965,-7935.988908651238,-7939.908526570412,-7943.940750961579,-7948.081352110702
-inf,-8313.708241362625,-8202.98825271906,-8138.052366096918,-8092.468744356713,-8057.797349561183,-8030.212255527628,-8007.636078388838,-7988.806693205025,-7972.895801661941,-7959.328344876961,-7947.687600596817,-7937.661242650516,-7929.008746003593,-7921.5406961046765,-7915.105112337625,-7909.578096712185,-7904.857253938185,-7900.856946305005,-7897.504798060249,-7894.739071845798,-7892.506667018998,-7890.761569981803,-7889.463638665441,-7888.577637831982,-7888.072465242261,-7887.920524891921,-7888.097214866489,-7888.580505463548,-7889.350589091321,-7890.389587748975,-7891.681307081209,-7893.211028390401,-7894.965331801145,-7896.931945158424,-7899.099614310604,-7901.457991263007,-7903.9975373418265,-7906.709439026989,-7909.585534525472,-7912.618249488632,-7915.800540545073,-7919.125845538557,-7922.588039538971,-7926.181395840208,-7929.90055128079,-7933.740475322317,-7937.696442405209,-7941.7640071707065,-7945.938982196826
-inf,-8306.517802461267,-8196.421822338318,-8131.957794906219,-8086.759216946379,-8052.411529405168,-8025.104184532746,-8002.770183636569,-7984.154816158683,-7968.4352638733535,-7955.0406164388205,-7943.557347902221,-7933.675628570313,-7925.1569052558125,-7917.813336101747,-7911.494205981101,-7906.076643681667,-7901.459093630733,-7897.556610106924,-7894.297391830138,-7891.6201817941765,-7889.472283854988,-7887.808027438691,-7886.587563435014,-7885.77590861938,-7885.342179161305,-7885.258969801724,-7885.501846537161,-7886.048928678143,-7886.880541960312,-7887.978928646157,-7889.328003715838,-7890.913148616305,-7892.721035833837,-7894.739478930133,-7896.957303742193,-7899.364237272776,-7901.950811445838,-7904.708279414538,-7907.628542517017,-7910.704086303534,-7913.927924322123,-7917.2935485656935,-7920.7948856584,-7924.42625800373,-7928.1823492359235,-7932.05817341494,-7936.049047487899,-7940.150566608655,-7944.358581965142
-inf,-8300.164275502306,-8190.647952304113,-8126.621568305062,-8081.781670277002,-8047.736745547056,-8020.690040153759,-7998.583887868962,-7980.170268663669,-7964.631334736611,-7951.399960001113,-7940.065552056537,-7930.320587070841,-7921.9283447511125,-7914.702454109064,-7908.493390408008,-7903.17925339495,-7898.659285347424,-7894.8492008018975,-7891.677748610844,-7889.084133183144,-7887.016047881884,-7885.428153029652,-7884.280882398305,-7883.539496136508,-7883.173321152013,-7883.155135878824,-7883.46066753104,-7884.068177912688,-7884.9581196171575,-7886.112848675702,-7887.516382849176,-7889.154197108657,-7891.013049633173,-7893.080833015497,-7895.346446419812,-7897.799685254029,-7900.431145561876,-7903.232140848181,-7906.194629454849,-7909.31115092905,-7912.574770087011,-7915.9790276884805,-7919.517896810875,-7923.185744153826,-7926.977295622873,-7930.887605638035,-7934.912029694548,-7939.046199770876,-7943.286002236143
-inf,-8294.568326026287,-8185.593090702191,-8121.974005639237,-8077.469191396347,-8043.708174974277,-8016.9066471349715,-7995.015367722305,-7976.792378021185,-7961.424352979828,-7948.347626958154,-7937.154304438988,-7927.538993337498,-7919.266677555372,-7912.152361416671,-7906.047639262863,-7900.831528251929,-7896.4040280085,-7892.681482433255,-7889.593166722497,-7887.0787281818275,-7885.086235080067,-7883.570666942486,-7882.492730876074,-7881.81792242252,-7881.515772368838,-7881.559236761364,-7881.924198466536,-7882.589056533742,-7883.534385337564,-7884.742649670834,-7886.197965070809,-7887.885894994285,-7889.793278225922,-7891.908081257406,-7894.219271418963,-7896.716707358312,-7899.391044098995,-7902.233650414705,-7905.23653665647,-7908.392291491484,-7911.694026270676,-7915.135325952754,-7918.710205683561,-7922.413072270538,-7926.238689907592,-7930.182149602554,-7934.238841838952,-7938.404432071144,-7942.674838708163
-inf,-8289.661412330324,-8181.193543356599,-8117.954728566742,-8073.763788237283,-8040.269636730926,-8013.699255684014,-7992.011046494682,-7973.968562452102,-7958.762606924926,-7945.832686611249,-7934.773389895274,-7925.281297810875,-7917.122979710859,-7910.114725976538,-7904.109182650754,-7898.9862331878,-7894.646595552984,-7891.007213041415,-7887.997863988171,-7885.558620471652,-7883.637911369902,-7882.191024001695,-7881.1789295756,-7880.567351423808,-7880.326017820582,-7880.428056915789,-7880.849502347369,-7881.568885958515,-7882.566899730138,-7883.826113203702,-7885.330735758386,-7887.066415423412,-7889.020067661535,-7891.179728903387,-7893.534430648855,-7896.074090758852,-7898.789419193986,-7901.671835956626,-7904.713399391181,-7907.906743315844,-7911.245021716122,-7914.721859939051,-7918.331311496086,-7922.067819722835,-7925.926183658005,-7929.901527599265,-7933.989273872854,-7938.1851184200505,-7942.485008859168
-inf,-8285.383923165633,-8177.393775448626,-8114.5110614674995,-8070.614855364544,-8037.372104285724,-8011.020090333132,-7989.5241741612945,-7971.65293946573,-7956.600969610208,-7943.810686867241,-7932.878971859203,-7923.5042344473195,-7915.45452019451,-7908.547322489143,-7902.636275696285,-7897.602080999045,-7893.346137306841,-7889.785958353025,-7886.851803047672,-7884.484150533701,-7882.631776289543,-7881.25026424438,-7880.300840685912,-7879.749449364576,-7879.56600992419,-7879.723817445717,-7880.199051867717,-7880.97037386576,-7882.018589423531,-7883.326369467079,-7884.878014002189,-7886.659252496028,-7888.657073987335,-7890.859581743696,-7893.255868313774,-7895.8359076240495,-7898.590461398084,-7901.510997673378,-7904.589619585945,-7907.819002909488,-7911.192341090786,-7914.703296730158,-7918.345958623869,-7922.1148036238355,-7926.004662683611,-7930.01069055395,-7934.12833866938,-7938.353330833266,-7942.681641362955
-inf,-8281.683702475679,-8174.145065526144,-8111.596763421708,-8067.977958126019,-8034.972526957314,-8008.827200268086,-7987.513702024107,-7969.805222356664,-7954.899815749024,-7942.242590739613,-7931.432547590525,-7922.16979383694,-7914.223750954908,-7907.4130382965595,-7901.5922191519285,-7896.64276647495,-7892.466724417014,-7888.982149286262,-7886.119758707005,-7883.820421633348,-7882.033246437244,-7880.714102688632,-7879.824462901943,-7879.330484032674,-7879.202271148377,-7879.413281291036,-7879.939836475156,-7880.7607225459105,-7881.856856242487,-7883.211006927109,-7884.807562490208,-7886.632331229175,-7888.6723732302025,-7890.915856107703,-7893.35193097903,-7895.97062534779,-7898.762750194165,-7901.719819063383,-7904.833977337228,-7908.097940186767,-7911.504937958905,-7915.04866795392,-7918.723251719155,-7922.523197120586,-7926.443364567355,-7930.478936857613,-7934.625392191745,-7938.878479963859,-7943.234198997232
-inf,-8278.514867447979,-8171.404427423371,-8109.171012225337,-8065.813858704365,-8033.032886096884,-8007.083538720971,-7985.943381393753,-7968.389835991726,-7953.6241533938655,-7941.093923124858,-7930.400109465661,-7921.244398417494,-7913.397495398665,-7906.679074415859,-7900.944572187842,-7896.076190105283,-7891.976583607104,-7888.564324867925,-7885.77056912459,-7883.536558387249,-7881.811720543621,-7880.552200057973,-7879.71970698004,-7879.28060438694,-7879.205176945501,-7879.4670388188,-7880.042650024246,-7880.910918096625,-7882.052867504086,-7883.451363359281,-7885.090879001793,-7886.957299301228,-7889.037753253074,-7891.320470755534,-7893.794659472641,-7896.450398479626,-7899.278546007199,-7902.270659091805,-7905.418923328965,-7908.71609123944,-7912.15542800975,-7915.730663572502,-7919.435950158421,-7923.265824588177,-7927.215174684222,-7931.27920927576,-7935.453431346906,-7939.733613942731,-7944.115778501597
-inf,-8275.836851612426,-8169.133738389384,-8107.197582386283,-8064.087728254505,-8031.5194318148315,-8005.756218559474,-7984.781034693408,-7967.375201505167,-7952.742921122582,-7940.334079816582,-7929.751465346211,-7920.698233771483,-7912.946290165593,-7906.316297292376,-7900.664513571902,-7895.873828093841,-7891.847475401308,-7888.504518025066,-7885.776528517781,-7883.6051057288905,-7881.939984044084,-7880.737572317815,-7879.95980961139,-7879.573258163128,-7879.548376515023,-7879.858931205168,-7880.481516280618,-7881.395157600908,-7882.580984474205,-7884.021955243188,-7885.702626457207,-7887.608957528886,-7889.728144486255,-7892.048477740893,-7894.559219802804,-7897.250499659552,-7900.1132211534095,-7903.138983178148,-7906.320009904436,-7909.649089553808,-7913.119520491094,-7916.725063608359,-7920.45990013839,-7924.318594171283,-7928.296059259355,-7932.387528587582,-7936.588528263275,-7940.894853343245,-7945.302546269464
-inf,-8273.61362265263,-8167.299027728623,-8105.644174121096,-8062.768503831471,-8030.4020601431685,-8004.815904938166,-7983.997960744095,-7966.73315252961,-7952.228414227531,-7939.935763061034,-7929.459683105955,-7920.504701800877,-7912.84384663057,-7906.298708278604,-7900.7263187384515,-7896.010216595352,-7892.054185080372,-7888.777752791929,-7886.112890140459,-7884.00153717025,-7882.393722136102,-7881.246108043255,-7880.520854622185,-7880.184716439742,-7880.2083202842105,-7880.565580401175,-7881.233220967433,-7882.19038287988,-7883.4182974862815,-7884.900013943824,-7886.620169897626,-7888.5647974223675,-7890.721157874705,-7893.077600606677,-7895.623441495181,-7898.348858024929,-7901.244798274942,-7904.302901643743,-7907.515429533539,-7910.875204522696,-7914.375556804343,-7918.010276870947,-7921.7735735886345,-7925.660036939999,-7929.664604824819,-7933.782533399612,-7938.0093705135605,-7942.340931861516,-7946.773279528016
-inf,-8271.813037408676,-8165.869891675848,-8104.481861122693,-8061.828359161341,-8029.653800579318,-8004.236315676461,-7983.568445543807,-7966.438454898806,-7952.055812455462,-7939.87451680008,-7929.500633033013,-7920.639970029685,-7913.066606868231,-7906.60300601171,-7901.106928303909,-7896.462526067422,-7892.574102545167,-7889.361629342403,-7886.757456129104,-7884.7038490982695,-7883.151118159427,-7882.056170515082,-7881.381378420069,-7881.093682074919,-7881.163870984043,-7881.566002507494,-7882.276927114021,-7883.275897508541,-7884.544244338783,-7886.065105229782,-7887.8231968893415,-7889.804622269357,-7891.996706464541,-7894.387856326361,-7896.96743977045,-7899.725681532951,-7902.65357274198,-7905.742792151505,-7908.985637269031,-7912.374963914845,-7915.9041329984375,-7919.566963497968,-7923.3576907921515,-7927.270929627845,-7931.301641116762,-7935.445103245696,-7939.696884461005,-7944.052819950549,-7948.508990299745
-inf,-8270.406305810324,-8164.8190084902235,-8103.684632644819,-8061.242265786519,-8029.250391226362,-8003.993807117715,-7983.469356772297,-7966.4684085073995,-7952.202788429644,-7940.128341170173,-7929.85260809832,-7921.0825974241825,-7913.593374841248,-7907.20822278648,-7901.785589426797,-7897.21020740058,-7893.3868729803935,-7890.235978935439,-7887.690236466108,-7885.692223484192,-7884.19251977387,-7883.1482670863825,-7882.522042269672,-7882.280964612767,-7882.395980912053,-7882.841287126238,-7883.5938562372685,-7884.63304957832,-7885.9402944038375,-7887.498814508206,-7889.293403682952,-7891.3102340354735,-7893.536692882428,-7895.96124322136,-7898.57330378006,-7901.363145416808,-7904.321801251949,-7907.440988390426,-7910.713039476488,-7914.130842626672,-7917.687788533964,-7921.377723734553,-7925.194909191996,-7929.133983486095,-7933.189930003637,-7937.358047618968,-7941.633924427486,-7946.013414157973,-7950.492614942639
-inf,-8269.367542233487,-8164.121733810595,-8103.229011146339,-8060.987626594528,-8029.169924067173,-8004.067028418713,-7983.6798053282255,-7966.802514970462,-7952.649180724011,-7940.677370550123,-7930.496006697903,-7921.813221640126,-7914.405008002961,-7908.095420374721,-7902.743555698843,-7898.234695723134,-7894.474104400637,-7891.382575016303,-7888.893163439426,-7886.948745496655,-7885.500159515718,-7884.504772468509,-7883.9253580926215,-7883.729208382132,-7883.8874221162005,-7884.374329418905,-7885.16702206779,-7886.244966891689,-7887.5896850983945,-7889.1844843905765,-7891.014233703142,-7893.065172620221,-7895.324749213998,-7897.781481333071,-7900.424837359167,-7903.245133222549,-7906.233443069472,-7909.3815214533,-7912.681735299309,-7916.127004198054,-7919.710747825806,-7923.4268394901765,-7927.269564959704,-7931.233585869002,-7935.313907100358,-7939.505847632427,-7943.805014421703,-7948.207278945405,-7952.708756086131
-inf,-8268.673387734863,-8163.75576080615,-8103.093730963626,-8061.043967798592,-8029.392546855158,-8004.436631069672,-7984.180860970901,-7967.422198406513,-7953.376719157847,-7941.503602966962,-7931.4130659144475,-7922.814295969682,-7915.484157803798,-7909.247433981565,-7903.96383444267,-7899.519160923495,-7895.81912127017,-7892.784889796012,-7890.3498510345,-7888.457165551393,-7887.05791934496,-7886.109695611753,-7885.5754575155015,-7885.42266354443,-7885.622559275296,-7886.149604653777,-7886.981006600233,-7888.096334355405,-7889.477200465277,-7891.10699431219,-7892.9706580643515,-7895.054497135108,-7897.346018920242,-7899.833794863774,-7902.507341889347,-7905.3570200027725,-7908.373943472177,-7911.549903467716,-7914.8773004201685,-7918.349084660437,-7921.9587041451905,-7925.700058271678,-7929.567456945183,-7933.555584194776,-7937.659465741066,-7941.874440009778,-7946.196132159272,-7950.620430752574,-7955.143466756263
-inf,-8268.302690288792,-8163.70083302719,-8103.259466648468,-8061.392678480691,-8029.900211059808,-8005.085023332558,-7984.955311963563,-7968.310569432424,-7954.368792582915,-7942.590671312603,-7932.587635929096,-7924.06986679369,-7916.81505007327,-7910.648655467765,-7905.430972689733,-7901.048296296677,-7897.406755723405,-7894.427887942877,-7892.04539098618,-7890.20269760639,-7888.85113106116,-7887.948482115861,-7887.457896145935,-7887.346992104854,-7887.587157314307,-7888.1529772939375,-7889.02177052457,-7890.17320562682,-7891.588983908992,-7893.252574235501,-7895.148990124531,-7897.264601195876,-7899.586972762413,-7902.104728635829,-7904.8074332013175,-7907.68548958061,-7910.730051302314,-7913.932945371068,-7917.2866050037655,-7920.784010601424,-7924.418637768459,-7928.184411387013,-7932.075664914413,-7936.087104202804,-7940.213775248095,-7944.451035364224,-7948.794527353849,-7953.240156307234,-7957.784068714271
-inf,-8268.236232883643,-8163.9385004135975,-8103.708602009313,-8062.016789111831,-8030.676457543403,-8005.996161470422,-7985.987460755095,-7969.452224554289,-7955.610251487776,-7943.923648833711,-7934.004988181888,-7925.565384270005,-7918.383298137497,-7912.284848819485,-7907.130874935366,-7902.808138517182,-7899.22316968452,-7896.297850771708,-7893.966178953997,-7892.171847234117,-7890.866406178813,-7890.007845810687,-7889.559486758524,-7889.48910260155,-7889.768217493387,-7890.371538382923,-7891.276491804608,-7892.462842782773,-7893.91237885378,-7895.608646198488,-7897.536727827154,-7899.683055965345,-7902.035252456966,-7904.581992274529,-7907.312886207027,-7910.218379558176,-7913.289664285164,-7916.51860247909,-7919.89765946283,-7923.419845082139,-7927.078662006988,-7930.8680600557855,-7934.782395714699,-7938.816396154448,-7942.965127154544,-7947.22396443418,-7951.588567961958,-7956.054858879413,-7960.61899872368
-inf,-8268.456501387496,-8164.451910873646,-8104.425032730709,-8062.900782225755,-8031.706233355307,-8007.155371312249,-7987.262949373422,-7970.83307474268,-7957.087239315441,-7945.488882896648,-7935.651651386736,-7927.2875404669685,-7920.175742980297,-7914.142992270642,-7909.0506471657145,-7904.7859135180515,-7901.2557025439555,-7898.382225659125,-7896.099765613114,-7894.35226431984,-7893.091490160926,-7892.275624449711,-7891.868156369894,-7891.837008481994,-7892.153837004324,-7892.793466278797,-7893.7334274674695,-7894.953579082073,-7896.435792397507,-7898.163688779257,-7900.122418898027,-7902.298476005431,-7904.6795371086555,-7907.2543271512795,-7910.012502285592,-7912.944549081903,-7916.041697115088,-7919.295842838494,-7922.699483028541,-7926.24565638193,-7929.927892087982,-7933.7401643933235,-7937.6768523348355,-7941.7327039466345,-7945.902804354124,-7950.18254725624,-7954.567609370723,-7959.053927478587,-7963.637677755374
-inf,-8268.947485654424,-8165.225631353481,-8105.3939968632385,-8064.030429781408,-8032.975734349884,-8008.549194986092,-7988.7686094668825,-7972.440198218725,-7958.787047605654,-7947.273852219959,-7937.515270674199,-7929.224130294535,-7922.180315879458,-7916.211142583358,-7911.178462735148,-7906.969903921753,-7903.492740100228,-7900.669496451464,-7898.434728479623,-7896.732616252436,-7895.515136919519,-7894.740655461433,-7894.372823179898,-7894.379706170981,-7894.733088100754,-7895.4079067813855,-7896.381794661598,-7897.634700888301,-7899.148578033445,-7900.907120551506,-7902.895544969486,-7905.100404007126,-7907.509428484729,-7910.111392142313,-7912.895995469319,-7915.853765401654,-7918.975968336286,-7922.254534381866,-7925.681991135363,-7929.251405573067,-7932.956332883138,-7936.790771261433,-7940.749121850069,-7944.826153127979,-7949.016969168658,-7953.316981268927,-7957.721882525489,-7962.227624997106,-7966.830399141314
-inf,-8269.694508543875,-8166.24549349365,-8106.60192857995,-8065.392652806869,-8034.472269359331,-8010.165258655663,-7990.492332911643,-7974.261713441438,-7960.69799101839,-7949.267043695528,-7939.584486045623,-7931.363931479064,-7924.385919824406,-7918.478317853692,-7913.503446517223,-7909.349334500768,-7905.92360129582,-7903.149071440791,-7900.960561089575,-7899.302478265945,-7898.127000276772,-7897.392668484271,-7897.063290132322,-7897.107069607307,-7897.495913559733,-7898.204869466353,-7899.211667810809,-7900.496345590437,-7902.040934283954,-7903.829199378002,-7905.846421481366,-7908.079211246629,-7910.515351975026,-7913.14366504326,-7915.953894264543,-7918.936606051366,-7922.083102839307,-7925.385347698062,-7928.835898426458,-7932.427849725029,-7936.154782278585,-7940.010717774089,-7943.990079037272,-7948.087654599804,-7952.298567115064,-7956.61824512851,-7961.042397781194,-7965.566992085919,-7970.188232466635
-inf,-8270.684078467977,-8167.498459890496,-8108.036331460343,-8066.975399746529,-8036.184142457795,-8011.992157880951,-7992.422959673532,-7976.2866690428245,-7962.809299038109,-7951.457845647711,-7941.848827037745,-7933.696600529374,-7926.782326711655,-7920.934395885198,-7916.015574418534,-7911.914272800429,-7908.538439920882,-7905.811186121642,-7903.667576779477,-7902.052238212713,-7900.917539697002,-7900.222192021901,-7899.93015245573,-7900.009758630819,-7900.433035874211,-7901.175137641463,-7902.213889291533,-7903.529412958287,-7905.10381669097,-7906.920934992821,-7908.966110811483,-7911.226011221476,-7913.688470691611,-7916.342357090547,-7919.1774565543665,-7922.184374094028,-7925.354447410345,-7928.679671850041,-7932.152634805721,-7935.76645815871,-7939.514747601475,-7943.3915478691515,-7947.391303066519,-7951.508821405354,-7955.739243772559,-7960.07801563716,-7964.520861876507,-7969.063764162932,-7973.702940602506
-inf,-8271.903761829784,-8168.97250771109,-8109.685668247514,-8068.767540588448,-8038.100550487228,-8014.019357843832,-7994.5501802206245,-7978.504948053919,-7965.111021744371,-7953.83645495675,-7944.298621062809,-7936.212582197854,-7929.360087859785,-7923.570025710351,-7918.705585871442,-7914.655542575442,-7911.32815896986,-7908.646818444936,-7906.546824814245,-7904.9730135409045,-7903.877938087861,-7903.220472039619,-7902.964717025498,-7903.079139078807,-7903.535878051281,-7904.310189813217,-7905.37999153392,-7906.725487842994,-7908.3288610806085,-7910.1740127947805,-7912.24634656267,-7914.532584395694,-7917.0206106370915,-7919.699338518512,-7922.558595510689,-7925.589024355473,-7928.7819972548,-7932.129541157009,-7935.624272449079,-7939.259339658612,-7943.028373006727,-7946.925439844778,-7950.945005164581,-7955.081896499529,-7959.331272639654,-7963.688595670414,-7968.1496059174015,-7972.710299439818,-7977.3669077654295
-inf,-8273.342072320735,-8170.65652699106,-8111.539264567687,-8070.75877436998,-8040.211493521258,-8016.237106172653,-7996.864450266377,-7980.907184240221,-7967.59394750195,-7956.393795931517,-7946.924913340551,-7938.903030383806,-7932.110455821699,-7926.376550267012,-7921.5649073425275,-7917.564648105538,-7914.284335743414,-7911.647614687436,-7909.59001700558,-7908.056578642347,-7907.000029856544,-7906.379400707341,-7906.158931769829,-7906.307212830205,-7906.796494268718,-7907.6021309287935,-7908.702128821258,-7910.0767725059295,-7911.708316393059,-7913.580727149237,-7915.679467307351,-7917.991312358292,-7920.504195247973,-7923.2070734588515,-7926.089814821365,-7929.143098951408,-7932.358331796961,-7935.727571240512,-7939.243462071291,-7942.899178936089,-7946.688376113284,-7950.605143146831,-7954.643965532768,-7958.799689778109,-7963.067492257375,-7967.442851378549,-7971.921522642227,-7976.499516238274,-7981.173076873989
-inf,-8274.988374540198,-8172.540231412025,-8113.587224537775,-8072.939548076896,-8042.507696346907,-8018.636356494347,-7999.35691600979,-7983.484688745062,-7970.2495307967,-7959.121449184251,-7949.719396699961,-7941.759738781305,-7935.025315820636,-7929.345938581242,-7924.585585231799,-7920.633707788213,-7917.399156116363,-7914.805824378554,-7912.78946328234,-7911.2953010506235,-7910.276237719615,-7909.691453803262,-7909.50532364859,-7909.686556339974,-7910.20750894394,-7911.043631958018,-7912.173017362669,-7913.576027159153,-7915.234985667224,-7917.133922793365,-7919.258358389577,-7921.595119997903,-7924.13218791797,-7926.858562788703,-7929.764151839357,-7932.839670714284,-7936.076558361548,-7939.466902937957,-7943.003377049852,-7946.679180942352,-7950.487992485967,-7954.42392300019,-7958.481478109539,-7962.6555229543865,-7966.941251183862,-7971.334157244368,-7975.830011549359,-7980.424838175468,-7985.114894780936
-inf,-8276.832799809175,-8174.61407973152,-8115.820356537201,-8075.300985287513,-8044.9805393700835,-8021.208701160416,-8002.019348351103,-7986.229385545343,-7973.069828745546,-7962.011589056683,-7952.67434982028,-7944.775079861353,-7938.097125419664,-7932.470726085082,-7927.760226810447,-7923.855395675152,-7920.665356656185,-7918.114242986997,-7916.138014932022,-7914.682085224967,-7913.699517015585,-7913.149635541312,-7912.996943980952,-7913.210266450783,-7913.76206301329,-7914.627876622571,-7915.785882454227,-7917.21651753961,-7918.902174009088,-7920.826943179124,-7922.976400622921,-7925.337424535781,-7927.898041346113,-7930.647293773928,-7933.575127501374,-7936.6722933675355,-7939.930262584132,-7943.341152930389,-7946.8976642511125,-7950.593021874864,-7954.420926804623,-7958.375511723738,-7962.451302015017,-7966.643181117956,-7970.946359652962,-7975.356347828219,-7979.868930715968,-7984.480146045093,-7989.186264206473
-inf,-8278.866172389664,-8176.869206344821,-8118.23010770552,-8077.8348231857935,-8047.621997614225,-8023.946311850705,-8004.844084813346,-7989.133754472678,-7976.04744505198,-7965.056928386864,-7955.782582717566,-7947.941951010269,-7941.3188612623235,-7935.743961923143,-7931.081948066654,-7927.222889837583,-7924.07617349243,-7921.566161281383,-7919.6290144418,-7918.210322860585,-7917.263306474215,-7916.747429787989,-7916.627320097525,-7916.8719124681165,-7917.4537664163145,-7918.348514275617,-7919.534411739015,-7920.99196853449,-7922.7036425665665,-7924.6535847816995,-7926.827424916084,-7929.2120904522,-7931.795652747439,-7934.567195547478,-7937.516702057254,-7940.634957489467,-7943.913464593181,-7947.344370126241,-7950.920400600041,-7954.634805917405,-7958.481309759262,-7962.454065765827,-7966.547618712763,-7970.7568700091715,-7975.077046948571,-7979.503675229787,-7984.032554336186,-7988.659735421179,-7993.381501397847
-inf,-8281.079944605863,-8179.2973597070195,-8120.808505958656,-8080.533356789575,-8050.424586696404,-8026.841886968096,-8007.823978105955,-7992.190780754107,-7979.175480378125,-7968.250669602041,-7959.037388475599,-7951.253726836808,-7944.683971909979,-7939.159162286192,-7934.544327510549,-7930.729826623711,-7927.625297012448,-7925.155320453031,-7923.256251038148,-7921.873848836431,-7920.9614845630185,-7920.478756798581,-7920.390412456821,-7920.665493646376,-7921.276655941012,-7922.199618094443,-7923.412713735286,-7924.8965230324275,-7926.633567690902,-7928.608056557815,-7930.805672014942,-7933.213389498395,-7935.819324120999,-7938.612599619521,-7941.583235808361,-7944.72205146599,-7948.02058016318,-7951.470997001229,-7955.066054593248,-7958.799026912998,-7962.663659869714,-7966.654127658049,-7970.764994085071,-7974.991178204126,-7979.32792368781,-7983.770771458871,-7988.315535168814,-7992.958279173288,-7997.69529870294
-inf,-8283.46613960045,-8181.890847549669,-8123.548108507552,-8083.389389421718,-8053.381314841428,-8029.888604909302,-8010.952350434492,-7995.393910192811,-7982.447488266701,-7971.586461283312,-7962.432500378096,-7954.704216815671,-7948.186335954174,-7942.7102689609,-7938.141365137639,-7934.370260018389,-7931.306831603899,-7928.875872230537,-7927.013921164935,-7925.666902048568,-7924.7883306687445,-7924.337934738976,-7924.280576499386,-7924.585401367238,-7925.225157717356,-7926.175647879963,-7927.415280932157,-7928.924705305223,-7930.686504593808,-7932.684943867466,-7934.905756677468,-7937.335965113544,-7939.963726897306,-7942.778204743872,-7945.7694541811425,-7948.928326759673,-7952.246386167529,-7955.715835223354,-7959.32945208456,-7963.080534298428,-7966.962849558132,-7970.97059221445,-7975.09834474845,-7979.341043535874,-7983.6939483378665,-7988.152615038009,-7992.712871216836,-7997.3707942138935,-8002.122691377407
-inf,-8286.01730065841,-8184.642487993533,-8126.441956018431,-8086.396188602021,-8056.485640138966,-8033.080082437922,-8014.2229527993795,-7998.737009244528,-7985.857435880631,-7975.058359479598,-7965.962053729689,-7958.287627563688,-7951.820224709264,-7946.391612409318,-7941.867445873106,-7938.138625435691,-7935.115259782894,-7932.722343333855,-7930.896593255181,-7929.584090492853,-7928.7384904841565,-7928.319645370357,-7928.292528623941,-7928.626385400318,-7929.294053755341,-7930.271416864654,-7931.536956859345,-7933.071388330855,-7934.857354915258,-7936.879176277404,-7939.122635703785,-7941.574800671766,-7944.223870392786,-7947.059045569985,-7950.070416567031,-7953.248866927472,-7956.5859897641985,-7960.074014996739,-7963.705745777056,-7967.474502735058,-7971.374074908468,-7975.398676410533,-7979.542908042555,-7983.8017231842905,-7988.1703973980675,-7992.644501268273,-7997.219876068416,-8001.892611907035,-8006.659028053398
-inf,-8288.726446197417,-8187.545565799398,-8129.48353168468,-8089.547446661442,-8059.731432368953,-8036.410337502736,-8017.629928640616,-8002.214329358577,-7989.399668938148,-7978.660793157949,-7969.620551760053,-7961.9985291510575,-7955.580268894551,-7950.197878794837,-7945.717306920995,-7942.029707375489,-7939.045410146246,-7936.689603712676,-7934.8991762483365,-7933.62036005465,-7932.806945064777,-7932.418903367335,-7932.42131576145,-7932.783523727632,-7933.478452013988,-7934.482062019669,-7935.77290662599,-7937.331764557265,-7939.141337704739,-7941.185998752516,-7943.45157932998,-7945.92519107054,-7948.5950735847055,-7951.450464596299,-7954.481488445789,-7957.679059905938,-7961.034800834408,-7964.540967645169,-7968.190387943281,-7971.976404956978,-7975.892828634813,-7979.933892463217,-7984.094215213945,-7988.368766955612,-7992.752838767417,-7997.242015677283,-8001.832152418376,-8006.519351656026,-8011.299944386841
-inf,-8291.587029662998,-8190.593793113459,-8132.66672458687,-8092.837245483239,-8063.112938819778,-8039.873755941407,-8021.167781280672,-8005.820475045127,-7993.068880314162,-7982.3885332677755,-7973.40283509585,-7965.831824938033,-7959.461428802997,-7954.124080457472,-7949.686008526623,-7946.0386104584395,-7943.092428667485,-7940.772838095108,-7939.016891384475,-7937.770966542872,-7936.988983097516,-7936.631028816648,-7936.662288099305,-7937.052195488468,-7937.773759562034,-7938.803017426355,-7940.118590497414,-7941.701319678716,-7943.533963391432,-7945.600945813546,-7947.888145566937,-7950.382717244104,-7953.0729397923615,-7955.948087012333,-7958.998316381607,-7962.214573154134,-7965.588507265186,-7969.112401027393,-7972.779105965952,-7976.5819874302815,-7980.514875851718,-7984.572023705479,-7988.748067387832,-7993.037993344632,-7997.437107890444,-8001.941010242157,-8006.545568361725,-8011.246897261404,-8016.0413394739135
-inf,-8294.592903683402,-8193.781274160156,-8135.985796808138,-8096.260024861382,-8066.624753606874,-8043.465061590339,-8024.83134469687,-8009.550375208736,-7996.860081854335,-7986.236664972102,-7977.304054359115,-7969.78272450155,-7963.458967525641,-7958.165529412616,-7953.768907731684,-7950.160733423494,-7947.251752926374,-7944.967520440552,-7943.24524687414,-7942.0314505714605,-7941.280175989298,-7940.951622508679,-7941.011074571723,-7941.42805666486,-7942.175658454292,-7943.229990339243,-7944.569740140428,-7946.1758090585645,-7948.031010379544,-7950.11981829991,-7952.428157125287,-7954.943223244975,-7957.6533339095595,-7960.547798076379,-7963.616805540048,-7966.851331303948,-7970.243052727138,-7973.784277435972,-7977.467880352024,-7981.287248475993,-7985.236232300129,-7989.309102909004,-7993.500513981678,-7997.805468033035,-8002.219286334575,-8006.7375820400985,-8011.356236111819,-8016.071375701226,-8020.8793546880415
-inf,-8297.738287936449,-8197.102473414237,-8139.435353847196,-8099.810554038939,-8070.261790069109,-8047.179289389433,-8028.615757221035,-8013.399257353249,-8000.768579013657,-7990.200562662561,-7981.319645513641,-7973.846719277473,-7967.568426861963,-7962.317813507868,-7957.961634760634,-7954.391745730726,-7951.519088917883,-7949.269390947366,-7947.5800150985,-7946.397614946885,-7945.676355437765,-7945.376543687677,-7945.46356078607,-7945.907018180439,-7946.680083999756,-7947.758939619866,-7949.122337219065,-7950.751236483103,-7952.62850395611,-7954.738662427142,-7957.067680618151,-7959.602795587375,-7962.332361883907,-7965.245722725737,-7968.333099424354,-7971.585496017323,-7974.99461664734,-7978.55279368099,-7982.2529249217,-7986.088418559398,-7990.053144731662,-7994.141392758271,-7998.347833263771,-8002.667484527468,-8007.095682502416,-8011.628054029911,-8016.260492846219,-8020.9891380364825,-8025.810354640129
