eta_plus,eta_minus,gamma_plus,gamma_minus,lambda_plus,lambda_minus,spectral_ari,simulated_annealing_ari,condition,run,vary
0.7475,0.15,0.7,0.2,0.8,0.5,0.009010674096995665,0.3510138854279634,nishimori,0,eta
0.86,0.15,0.7,0.2,0.8,0.5,0.016066358911478014,0.27623714088037477,nishimori,0,eta
0.905,0.15,0.7,0.2,0.8,0.5,0.23183936336838828,0.16754296571502228,nishimori,0,eta
0.725,0.15,0.7,0.2,0.8,0.5,0.218210906894426,0.12946901386810472,nishimori,0,eta
0.7025,0.15,0.7,0.2,0.8,0.5,0.014211455261628533,0.07878608358466178,nishimori,0,eta
0.59,0.15,0.7,0.2,0.8,0.5,0.01147138145682616,0.4092017634368258,nishimori,0,eta
0.8374999999999999,0.15,0.7,0.2,0.8,0.5,0.2678755584189557,-0.005368434944634287,nishimori,0,eta
0.6799999999999999,0.15,0.7,0.2,0.8,0.5,0.07795149317476675,0.34535480771010274,nishimori,0,eta
0.545,0.15,0.7,0.2,0.8,0.5,0.15905349098073304,0.2311789922462461,nishimori,0,eta
0.5225,0.15,0.7,0.2,0.8,0.5,-0.012276051729282837,0.21063823795113198,nishimori,0,eta
0.5675,0.15,0.7,0.2,0.8,0.5,0.008667591470938062,0.2327035316030445,nishimori,0,eta
0.95,0.15,0.7,0.2,0.8,0.5,0.0886166089668251,0.09088029044177791,nishimori,0,eta
0.77,0.15,0.7,0.2,0.8,0.5,-0.0017620679266143967,0.3465910934007277,nishimori,0,eta
0.8825000000000001,0.15,0.7,0.2,0.8,0.5,0.21819923087267834,0.3279544120275978,nishimori,0,eta
0.6575,0.15,0.7,0.2,0.8,0.5,0.2021692380233252,0.1606870391102666,nishimori,0,eta
0.5,0.15,0.7,0.2,0.8,0.5,-0.0016029760285461731,-0.003995675942116568,nishimori,0,eta
0.635,0.15,0.7,0.2,0.8,0.5,0.27220824942702343,0.13531240463156946,nishimori,0,eta
0.7925,0.15,0.7,0.2,0.8,0.5,0.05568411356473775,0.28707406676430974,nishimori,0,eta
0.6125,0.15,0.7,0.2,0.8,0.5,0.014966928613920884,0.0037152791564331053,nishimori,0,eta
0.9275,0.15,0.7,0.2,0.8,0.5,0.3221784358523764,0.059376903425722785,nishimori,0,eta
0.815,0.15,0.7,0.2,0.8,0.5,0.010649011260264431,0.2939410937182562,nishimori,0,eta
0.7025,0.15,0.7,0.2,0.8,0.5,0.05185404747630951,-0.004649547317794814,guess,0,eta
0.5,0.15,0.7,0.2,0.8,0.5,-0.004077409182177656,0.009572564439631458,guess,0,eta
0.635,0.15,0.7,0.2,0.8,0.5,0.11563473689220097,0.03147045649658468,guess,0,eta
0.6799999999999999,0.15,0.7,0.2,0.8,0.5,0.09792641039286734,0.14844940351387503,guess,0,eta
0.59,0.15,0.7,0.2,0.8,0.5,0.15470103493699727,0.16416799807401897,guess,0,eta
0.7925,0.15,0.7,0.2,0.8,0.5,0.21288813993495045,0.16672288618352435,guess,0,eta
0.905,0.15,0.7,0.2,0.8,0.5,0.2720634596820247,0.2939654177427887,guess,0,eta
0.5225,0.15,0.7,0.2,0.8,0.5,0.07407264959624621,0.09959357060718468,guess,0,eta
0.77,0.15,0.7,0.2,0.8,0.5,0.02925754976813649,0.020367201681164324,guess,0,eta
0.9275,0.15,0.7,0.2,0.8,0.5,0.22591103739161114,0.24416235692271357,guess,0,eta
0.8374999999999999,0.15,0.7,0.2,0.8,0.5,0.22772754242478782,0.18855103874604529,guess,0,eta
0.95,0.15,0.7,0.2,0.8,0.5,0.4204306196033645,0.3540480794462257,guess,0,eta
0.5675,0.15,0.7,0.2,0.8,0.5,0.18791560080509526,-0.002900905508294681,guess,0,eta
0.6575,0.15,0.7,0.2,0.8,0.5,-0.001325489826232523,0.0946935449517435,guess,0,eta
0.8825000000000001,0.15,0.7,0.2,0.8,0.5,0.20350468709808012,0.1655556692956886,guess,0,eta
0.815,0.15,0.7,0.2,0.8,0.5,0.08314456647623171,0.2097143699387139,guess,0,eta
0.545,0.15,0.7,0.2,0.8,0.5,0.19603774683857056,0.21443939090191677,guess,0,eta
0.6125,0.15,0.7,0.2,0.8,0.5,0.3544872124341395,0.17366874310155717,guess,0,eta
0.725,0.15,0.7,0.2,0.8,0.5,0.295284359347321,0.1405553156778086,guess,0,eta
0.86,0.15,0.7,0.2,0.8,0.5,0.2294928953200365,0.18449461386389704,guess,0,eta
0.7475,0.15,0.7,0.2,0.8,0.5,0.014525859842476065,0.21887716225469048,guess,0,eta
0.8,0.15,0.7,0.2,0.5375000000000001,0.5,0.03522342511460686,0.035245797948533816,nishimori,0,lambda
0.8,0.15,0.7,0.2,0.7325,0.5,0.10410422626097615,0.2942232006876065,nishimori,0,lambda
0.8,0.15,0.7,0.2,1.415,0.5,0.4054194488167841,0.3936218116670112,nishimori,0,lambda
0.8,0.15,0.7,0.2,1.22,0.5,0.4797154229974409,0.443977658505384,nishimori,0,lambda
0.8,0.15,0.7,0.2,0.44,0.5,0.011570196031095051,0.22608711938438092,nishimori,0,lambda
0.8,0.15,0.7,0.2,0.05,0.5,-0.00551464665277879,0.018914875279331993,nishimori,0,lambda
0.8,0.15,0.7,0.2,1.5125000000000002,0.5,0.4125601985487672,0.2804430084489521,nishimori,0,lambda
0.8,0.15,0.7,0.2,0.9275000000000001,0.5,0.24609826039274496,0.301150076010552,nishimori,0,lambda
0.8,0.15,0.7,0.2,1.7075,0.5,0.5446225734088638,0.5121285375725516,nishimori,0,lambda
0.8,0.15,0.7,0.2,2.0,0.5,0.6395024417662177,0.587209018196035,nishimori,0,lambda
0.8,0.15,0.7,0.2,0.635,0.5,0.04906403201883055,0.2974516166287907,nishimori,0,lambda
0.8,0.15,0.7,0.2,1.0250000000000001,0.5,0.002493936181495379,0.390712185427142,nishimori,0,lambda
0.8,0.15,0.7,0.2,0.8300000000000001,0.5,-0.0008696509390961291,0.3088864937982456,nishimori,0,lambda
0.8,0.15,0.7,0.2,0.14750000000000002,0.5,0.021247033210615034,0.25968278250241555,nishimori,0,lambda
0.8,0.15,0.7,0.2,0.245,0.5,0.0004361506588990311,0.055292604100329795,nishimori,0,lambda
0.8,0.15,0.7,0.2,1.8050000000000002,0.5,0.39302017310982323,0.4796165427526428,nishimori,0,lambda
0.8,0.15,0.7,0.2,1.3175000000000001,0.5,0.46468662220528895,0.4931389544305124,nishimori,0,lambda
0.8,0.15,0.7,0.2,1.1225,0.5,0.6067544134524024,0.18802262252853025,nishimori,0,lambda
0.8,0.15,0.7,0.2,1.61,0.5,0.5927596825667372,0.3800477361832355,nishimori,0,lambda
0.8,0.15,0.7,0.2,1.9025,0.5,0.5424375568531615,0.5135082746833374,nishimori,0,lambda
0.8,0.15,0.7,0.2,0.34249999999999997,0.5,0.021927147208815594,0.24398087436886684,nishimori,0,lambda
0.8,0.15,0.7,0.2,1.3175000000000001,0.5,0.4353037778736455,0.3499480233935513,guess,0,lambda
0.8,0.15,0.7,0.2,1.7075,0.5,0.5639916902290419,0.36852003744852896,guess,0,lambda
0.8,0.15,0.7,0.2,0.05,0.5,-0.005337777274971177,-0.003810981571772277,guess,0,lambda
0.8,0.15,0.7,0.2,1.0250000000000001,0.5,0.357013076899484,0.2928419499518828,guess,0,lambda
0.8,0.15,0.7,0.2,0.44,0.5,0.00939739587157734,0.0311999229516928,guess,0,lambda
0.8,0.15,0.7,0.2,0.14750000000000002,0.5,0.017496232520406007,0.01346818862775341,guess,0,lambda
0.8,0.15,0.7,0.2,0.5375000000000001,0.5,-0.0036192232076523506,0.13792740918060362,guess,0,lambda
0.8,0.15,0.7,0.2,1.61,0.5,0.5220745559947151,0.2826241370371445,guess,0,lambda
0.8,0.15,0.7,0.2,0.7325,0.5,0.06111966866947536,0.10128218114611855,guess,0,lambda
0.8,0.15,0.7,0.2,1.22,0.5,0.363841549859713,0.23944784524819887,guess,0,lambda
0.8,0.15,0.7,0.2,1.9025,0.5,0.5621349376784875,0.47995765981441546,guess,0,lambda
0.8,0.15,0.7,0.2,1.1225,0.5,0.26164854198018117,0.21191337433103785,guess,0,lambda
0.8,0.15,0.7,0.2,2.0,0.5,0.37864103276802685,0.38122090579944395,guess,0,lambda
0.8,0.15,0.7,0.2,0.34249999999999997,0.5,0.18858780493487734,0.11789028078127352,guess,0,lambda
0.8,0.15,0.7,0.2,1.5125000000000002,0.5,0.5056454908242985,0.42675573265406425,guess,0,lambda
0.8,0.15,0.7,0.2,0.245,0.5,0.007379548703903897,-0.0009014895438388405,guess,0,lambda
0.8,0.15,0.7,0.2,1.8050000000000002,0.5,0.33267760960999376,0.26076779301653574,guess,0,lambda
0.8,0.15,0.7,0.2,0.9275000000000001,0.5,0.3796553582038822,0.2170257057834848,guess,0,lambda
0.8,0.15,0.7,0.2,1.415,0.5,0.4397404374110296,0.27860913361421863,guess,0,lambda
0.8,0.15,0.7,0.2,0.635,0.5,0.2616518962973563,0.2512903677512007,guess,0,lambda
0.8,0.15,0.7,0.2,0.8300000000000001,0.5,0.15651954550481034,0.04722366267885636,guess,0,lambda
0.8,0.15,0.6200000000000001,0.2,0.8,0.5,0.29496855190879673,0.26188959336620593,nishimori,0,gamma
0.8,0.15,0.1925,0.2,0.8,0.5,0.31736808097835734,0.5782953618517971,nishimori,0,gamma
0.8,0.15,0.43,0.2,0.8,0.5,0.20463728982993526,0.28847410337459606,nishimori,0,gamma
0.8,0.15,1.0,0.2,0.8,0.5,0.00022804484183518885,0.01141995925518284,nishimori,0,gamma
0.8,0.15,0.3825,0.2,0.8,0.5,0.08583719874657636,0.2778071910585159,nishimori,0,gamma
0.8,0.15,0.6675000000000001,0.2,0.8,0.5,0.1277252116482111,0.18454881354392236,nishimori,0,gamma
0.8,0.15,0.81,0.2,0.8,0.5,0.3008502953821044,0.18914124814486016,nishimori,0,gamma
0.8,0.15,0.7150000000000001,0.2,0.8,0.5,0.00774657653440196,0.33676083366596726,nishimori,0,gamma
0.8,0.15,0.24,0.2,0.8,0.5,0.4315074363780684,0.3003526854227361,nishimori,0,gamma
0.8,0.15,0.0975,0.2,0.8,0.5,0.10190712438413099,0.36390368944690443,nishimori,0,gamma
0.8,0.15,0.8575,0.2,0.8,0.5,0.29390072241919796,0.1966789235550732,nishimori,0,gamma
0.8,0.15,0.4775,0.2,0.8,0.5,0.11009087936661782,0.07024307560745212,nishimori,0,gamma
0.8,0.15,0.335,0.2,0.8,0.5,0.15587284057742368,0.24385407137785226,nishimori,0,gamma
0.8,0.15,0.905,0.2,0.8,0.5,0.2961389740761581,0.19406751430764435,nishimori,0,gamma
0.8,0.15,0.05,0.2,0.8,0.5,0.006675858065452435,0.614235008406501,nishimori,0,gamma
0.8,0.15,0.525,0.2,0.8,0.5,0.008281058744137348,0.3562002854734401,nishimori,0,gamma
0.8,0.15,0.7625000000000001,0.2,0.8,0.5,0.29216862072009236,0.28164859276187304,nishimori,0,gamma
0.8,0.15,0.9525,0.2,0.8,0.5,-0.008825678359425803,0.3580418793111199,nishimori,0,gamma
0.8,0.15,0.14500000000000002,0.2,0.8,0.5,0.12320339362641126,0.1595586199622955,nishimori,0,gamma
0.8,0.15,0.5725,0.2,0.8,0.5,0.26113166636444657,0.26119095511118623,nishimori,0,gamma
0.8,0.15,0.2875,0.2,0.8,0.5,0.015912962369558522,0.10378067191385751,nishimori,0,gamma
0.8,0.15,0.05,0.2,0.8,0.5,0.09401951155132139,0.37795144334215797,guess,0,gamma
0.8,0.15,0.5725,0.2,0.8,0.5,0.22699586358510668,0.2714364633188737,guess,0,gamma
0.8,0.15,0.7150000000000001,0.2,0.8,0.5,0.09463834945547377,-0.004628075874937912,guess,0,gamma
0.8,0.15,0.24,0.2,0.8,0.5,0.23081146165644917,0.2532008455816365,guess,0,gamma
0.8,0.15,0.8575,0.2,0.8,0.5,0.28566688987917177,0.21867122494394273,guess,0,gamma
0.8,0.15,0.1925,0.2,0.8,0.5,-0.0024902522807043804,0.1984516997643891,guess,0,gamma
0.8,0.15,0.335,0.2,0.8,0.5,0.28022251049475894,0.17544953356667517,guess,0,gamma
0.8,0.15,0.4775,0.2,0.8,0.5,0.012248183170083946,0.24830298001532883,guess,0,gamma
0.8,0.15,0.905,0.2,0.8,0.5,0.3612579615849658,0.2412419276785647,guess,0,gamma
0.8,0.15,0.525,0.2,0.8,0.5,-0.015153248109143272,0.2484892438793401,guess,0,gamma
0.8,0.15,0.81,0.2,0.8,0.5,0.2803910050986362,0.32511848831908025,guess,0,gamma
0.8,0.15,0.14500000000000002,0.2,0.8,0.5,0.010693035443942038,0.3480000330779804,guess,0,gamma
0.8,0.15,0.2875,0.2,0.8,0.5,0.10880150578992594,0.26496691727269,guess,0,gamma
0.8,0.15,0.0975,0.2,0.8,0.5,0.016877961270779365,0.22574028455080186,guess,0,gamma
0.8,0.15,0.7625000000000001,0.2,0.8,0.5,0.11939281327748559,-0.0019732412613376344,guess,0,gamma
0.8,0.15,0.6200000000000001,0.2,0.8,0.5,0.0022172555576407964,0.31690749516689193,guess,0,gamma
0.8,0.15,0.3825,0.2,0.8,0.5,0.08950720232559681,0.22569528842610379,guess,0,gamma
0.8,0.15,0.6675000000000001,0.2,0.8,0.5,0.26221995926680247,0.2513300811398119,guess,0,gamma
0.8,0.15,1.0,0.2,0.8,0.5,0.10081049517113741,0.17856056142895063,guess,0,gamma
0.8,0.15,0.9525,0.2,0.8,0.5,0.20323224717836613,0.08537439104504878,guess,0,gamma
0.8,0.15,0.43,0.2,0.8,0.5,-0.01858607343478328,0.1940429783689259,guess,0,gamma
0.6799999999999999,0.15,0.7,0.2,0.8,0.5,0.06100861972359669,-0.0005269885755363958,nishimori,1,eta
0.635,0.15,0.7,0.2,0.8,0.5,0.00711021770995365,0.18436897358278906,nishimori,1,eta
0.5,0.15,0.7,0.2,0.8,0.5,0.07631931660312376,-0.004216860433854566,nishimori,1,eta
0.59,0.15,0.7,0.2,0.8,0.5,-0.010471395091693241,0.03064672805133327,nishimori,1,eta
0.815,0.15,0.7,0.2,0.8,0.5,0.30314657255415955,0.1598425830241329,nishimori,1,eta
0.9275,0.15,0.7,0.2,0.8,0.5,0.21924790912571668,0.2046213145896509,nishimori,1,eta
0.8825000000000001,0.15,0.7,0.2,0.8,0.5,0.17437029350743977,0.1498043084823432,nishimori,1,eta
0.5225,0.15,0.7,0.2,0.8,0.5,-0.017263988496625103,-0.00037532533199777565,nishimori,1,eta
0.725,0.15,0.7,0.2,0.8,0.5,0.017856646298979886,0.4126168241149133,nishimori,1,eta
0.95,0.15,0.7,0.2,0.8,0.5,-0.0035880275581867235,0.24104396093287064,nishimori,1,eta
0.6125,0.15,0.7,0.2,0.8,0.5,0.0005132370066075797,0.15483647125194291,nishimori,1,eta
0.905,0.15,0.7,0.2,0.8,0.5,0.4152642471748015,0.26312758938875264,nishimori,1,eta
0.545,0.15,0.7,0.2,0.8,0.5,-0.0005816276385302605,0.07270592092609778,nishimori,1,eta
0.6575,0.15,0.7,0.2,0.8,0.5,-0.0008717161337886508,0.4397672243149522,nishimori,1,eta
0.86,0.15,0.7,0.2,0.8,0.5,0.0004499822470161914,0.267432754176189,nishimori,1,eta
0.8374999999999999,0.15,0.7,0.2,0.8,0.5,0.15833941771813773,-0.002945076975618843,nishimori,1,eta
0.77,0.15,0.7,0.2,0.8,0.5,0.05296309957694108,0.23902570602522172,nishimori,1,eta
0.5675,0.15,0.7,0.2,0.8,0.5,0.01409292223422396,0.09828965403341783,nishimori,1,eta
0.7925,0.15,0.7,0.2,0.8,0.5,0.31323963672735705,0.4202189140905633,nishimori,1,eta
0.7025,0.15,0.7,0.2,0.8,0.5,-0.0020264619623689977,0.013837017707471347,nishimori,1,eta
0.7475,0.15,0.7,0.2,0.8,0.5,-0.00020101418911497806,0.305116085372202,nishimori,1,eta
0.7925,0.15,0.7,0.2,0.8,0.5,0.08955255609562031,0.14769757960843977,guess,1,eta
0.9275,0.15,0.7,0.2,0.8,0.5,0.26671663289569114,-0.002401248460134131,guess,1,eta
0.8374999999999999,0.15,0.7,0.2,0.8,0.5,0.25286362909085186,0.2644055095154243,guess,1,eta
0.725,0.15,0.7,0.2,0.8,0.5,0.25875880937043905,0.20347604806059472,guess,1,eta
0.86,0.15,0.7,0.2,0.8,0.5,0.07195874578603036,0.2125772471787417,guess,1,eta
0.6799999999999999,0.15,0.7,0.2,0.8,0.5,0.3348889133392551,-0.004727371092190177,guess,1,eta
0.59,0.15,0.7,0.2,0.8,0.5,0.005337519623233909,0.0015698587127158557,guess,1,eta
0.545,0.15,0.7,0.2,0.8,0.5,0.0038642598476159406,-0.0033989367343692,guess,1,eta
0.7025,0.15,0.7,0.2,0.8,0.5,0.15042408796207754,0.12877039510611712,guess,1,eta
0.5675,0.15,0.7,0.2,0.8,0.5,-0.0008891092203320419,0.032290224314594294,guess,1,eta
0.6575,0.15,0.7,0.2,0.8,0.5,-0.0026040078946586095,0.06290487086177252,guess,1,eta
0.5225,0.15,0.7,0.2,0.8,0.5,0.0004273903810452366,0.06031888636111151,guess,1,eta
0.905,0.15,0.7,0.2,0.8,0.5,0.34787178255400764,0.19043662042418885,guess,1,eta
0.6125,0.15,0.7,0.2,0.8,0.5,0.002318784350907272,0.05407578859857653,guess,1,eta
0.7475,0.15,0.7,0.2,0.8,0.5,0.3443837650159782,0.2974915046628555,guess,1,eta
0.815,0.15,0.7,0.2,0.8,0.5,0.24622625256641653,0.3214946121445267,guess,1,eta
0.8825000000000001,0.15,0.7,0.2,0.8,0.5,0.25112884794022844,0.24224004165654375,guess,1,eta
0.95,0.15,0.7,0.2,0.8,0.5,0.460477403106124,-0.007804010568777611,guess,1,eta
0.635,0.15,0.7,0.2,0.8,0.5,0.08924320017474822,0.001056705856787477,guess,1,eta
0.5,0.15,0.7,0.2,0.8,0.5,0.12616704840067908,0.07214859879719975,guess,1,eta
0.77,0.15,0.7,0.2,0.8,0.5,0.31017748197448697,0.18079834375560028,guess,1,eta
0.8,0.15,0.7,0.2,0.5375000000000001,0.5,0.04760748698698562,0.3616334506734876,nishimori,1,lambda
0.8,0.15,0.7,0.2,1.8050000000000002,0.5,0.5958044022181489,0.4154280259090725,nishimori,1,lambda
0.8,0.15,0.7,0.2,1.22,0.5,0.46243043261456124,0.043409935818812785,nishimori,1,lambda
0.8,0.15,0.7,0.2,0.34249999999999997,0.5,0.06003356068701396,0.23208674300620588,nishimori,1,lambda
0.8,0.15,0.7,0.2,0.44,0.5,0.05730943385565284,-0.0038336808710911865,nishimori,1,lambda
0.8,0.15,0.7,0.2,1.61,0.5,0.5224571393177746,0.4370467417951641,nishimori,1,lambda
0.8,0.15,0.7,0.2,1.7075,0.5,0.4896307500856323,0.35204068864911653,nishimori,1,lambda
0.8,0.15,0.7,0.2,1.0250000000000001,0.5,0.4067313509237284,0.23809827961178692,nishimori,1,lambda
0.8,0.15,0.7,0.2,0.05,0.5,-0.006852917983756406,0.22396481812260008,nishimori,1,lambda
0.8,0.15,0.7,0.2,1.3175000000000001,0.5,0.40651907220776473,0.4484760300618478,nishimori,1,lambda
0.8,0.15,0.7,0.2,0.7325,0.5,0.3587973877925968,0.30742201747225456,nishimori,1,lambda
0.8,0.15,0.7,0.2,0.14750000000000002,0.5,0.0173951550198495,0.04006601553947798,nishimori,1,lambda
0.8,0.15,0.7,0.2,0.9275000000000001,0.5,0.25955323792336427,0.3668635881160943,nishimori,1,lambda
0.8,0.15,0.7,0.2,1.1225,0.5,0.508256663124237,0.4478290673848793,nishimori,1,lambda
0.8,0.15,0.7,0.2,1.415,0.5,0.5363523905529338,0.2678344712297402,nishimori,1,lambda
0.8,0.15,0.7,0.2,1.5125000000000002,0.5,0.004228349363274072,0.31400293006979785,nishimori,1,lambda
0.8,0.15,0.7,0.2,0.8300000000000001,0.5,0.17243213607564695,0.3712093537515186,nishimori,1,lambda
0.8,0.15,0.7,0.2,0.635,0.5,0.070112923130879,0.3145643657936274,nishimori,1,lambda
0.8,0.15,0.7,0.2,2.0,0.5,0.5659335088882715,0.4263784700666189,nishimori,1,lambda
0.8,0.15,0.7,0.2,0.245,0.5,-0.004422238850695003,0.011635862136235367,nishimori,1,lambda
0.8,0.15,0.7,0.2,1.9025,0.5,0.634616040681611,0.4807363776447566,nishimori,1,lambda
0.8,0.15,0.7,0.2,1.9025,0.5,0.4494468938321603,0.3001490277126801,guess,1,lambda
0.8,0.15,0.7,0.2,0.7325,0.5,0.20347584136467944,0.12987438634497459,guess,1,lambda
0.8,0.15,0.7,0.2,1.5125000000000002,0.5,0.3285537855363674,0.3386564787923061,guess,1,lambda
0.8,0.15,0.7,0.2,0.44,0.5,-0.02386842955717647,0.17885029510570286,guess,1,lambda
0.8,0.15,0.7,0.2,1.0250000000000001,0.5,0.38989500813222755,0.2810899593017728,guess,1,lambda
0.8,0.15,0.7,0.2,0.05,0.5,-0.0067699977470652315,-0.0014727741337224366,guess,1,lambda
0.8,0.15,0.7,0.2,0.8300000000000001,0.5,0.26087370970283286,0.1410628004156803,guess,1,lambda
0.8,0.15,0.7,0.2,0.34249999999999997,0.5,-0.006538224112584444,0.012667212350391813,guess,1,lambda
0.8,0.15,0.7,0.2,1.415,0.5,0.4225597671544397,0.3615727028490187,guess,1,lambda
0.8,0.15,0.7,0.2,0.14750000000000002,0.5,0.0707799189955109,0.04183895699231182,guess,1,lambda
0.8,0.15,0.7,0.2,0.9275000000000001,0.5,0.2704519149898328,-0.005168244562666642,guess,1,lambda
0.8,0.15,0.7,0.2,1.3175000000000001,0.5,0.45515148176063763,0.31649401143040273,guess,1,lambda
0.8,0.15,0.7,0.2,1.8050000000000002,0.5,0.583754567433875,0.3224192624370365,guess,1,lambda
0.8,0.15,0.7,0.2,1.1225,0.5,0.5058792260752679,0.439634506828969,guess,1,lambda
0.8,0.15,0.7,0.2,1.61,0.5,0.5310824238444559,0.4164406592908747,guess,1,lambda
0.8,0.15,0.7,0.2,2.0,0.5,0.612897811562659,0.43555704224970826,guess,1,lambda
0.8,0.15,0.7,0.2,0.245,0.5,-0.003256900344240077,0.017034828642104108,guess,1,lambda
0.8,0.15,0.7,0.2,1.7075,0.5,0.3836996534642781,0.29054681413822536,guess,1,lambda
0.8,0.15,0.7,0.2,0.635,0.5,0.022744144856321362,0.18058821512405981,guess,1,lambda
0.8,0.15,0.7,0.2,0.5375000000000001,0.5,0.07465695133702044,0.2311868186542355,guess,1,lambda
0.8,0.15,0.7,0.2,1.22,0.5,0.30632530637346483,0.35418418414539704,guess,1,lambda
0.8,0.15,0.05,0.2,0.8,0.5,0.30201070681142833,0.4906808833790134,nishimori,1,gamma
0.8,0.15,0.2875,0.2,0.8,0.5,0.34289937184382313,0.2691564338519353,nishimori,1,gamma
0.8,0.15,0.3825,0.2,0.8,0.5,-0.002497160923891304,0.21808872904119714,nishimori,1,gamma
0.8,0.15,0.4775,0.2,0.8,0.5,0.0024787938489794488,0.21211309305943232,nishimori,1,gamma
0.8,0.15,0.1925,0.2,0.8,0.5,0.00975353735570173,0.3765676357030928,nishimori,1,gamma
0.8,0.15,0.7150000000000001,0.2,0.8,0.5,-0.007683833107298971,0.34291856524424974,nishimori,1,gamma
0.8,0.15,0.6200000000000001,0.2,0.8,0.5,0.2356643287955316,0.04015126626973226,nishimori,1,gamma
0.8,0.15,0.5725,0.2,0.8,0.5,-0.005666275387705317,0.3103908949935902,nishimori,1,gamma
0.8,0.15,1.0,0.2,0.8,0.5,0.4069211612381276,0.37919455893315107,nishimori,1,gamma
0.8,0.15,0.7625000000000001,0.2,0.8,0.5,-0.00837057870686776,0.4202939770485873,nishimori,1,gamma
0.8,0.15,0.8575,0.2,0.8,0.5,0.03245930505898007,0.2521064933937639,nishimori,1,gamma
0.8,0.15,0.6675000000000001,0.2,0.8,0.5,0.200978317033792,0.30147793095606723,nishimori,1,gamma
0.8,0.15,0.0975,0.2,0.8,0.5,0.09955501776025606,0.15751635103058453,nishimori,1,gamma
0.8,0.15,0.14500000000000002,0.2,0.8,0.5,0.3115271297641422,0.3829192900250318,nishimori,1,gamma
0.8,0.15,0.24,0.2,0.8,0.5,0.01070972819548408,0.3311448645405262,nishimori,1,gamma
0.8,0.15,0.81,0.2,0.8,0.5,0.27702470870959167,0.4700155502960386,nishimori,1,gamma
0.8,0.15,0.525,0.2,0.8,0.5,0.245919936084446,0.13397437943135587,nishimori,1,gamma
0.8,0.15,0.335,0.2,0.8,0.5,0.07790880903544635,0.054168879447689854,nishimori,1,gamma
0.8,0.15,0.43,0.2,0.8,0.5,0.1815589544202905,0.2821045374153408,nishimori,1,gamma
0.8,0.15,0.9525,0.2,0.8,0.5,0.012142341277496973,0.2902648619743211,nishimori,1,gamma
0.8,0.15,0.905,0.2,0.8,0.5,0.2263375559887652,0.06279075664509988,nishimori,1,gamma
0.8,0.15,0.3825,0.2,0.8,0.5,0.2444725237688206,0.08697438531167748,guess,1,gamma
0.8,0.15,0.7625000000000001,0.2,0.8,0.5,0.008801814798621223,0.1811494449232085,guess,1,gamma
0.8,0.15,0.81,0.2,0.8,0.5,0.22825459906416257,0.24651464649701943,guess,1,gamma
0.8,0.15,0.14500000000000002,0.2,0.8,0.5,-0.006228474771864005,0.32206934348678895,guess,1,gamma
0.8,0.15,0.525,0.2,0.8,0.5,0.1504729852975402,0.22504455433207662,guess,1,gamma
0.8,0.15,0.335,0.2,0.8,0.5,0.1868957540547938,0.2757242122177978,guess,1,gamma
0.8,0.15,0.43,0.2,0.8,0.5,0.1710648075436477,0.21523722044130095,guess,1,gamma
0.8,0.15,0.6675000000000001,0.2,0.8,0.5,0.39166781171050674,0.19197608759902735,guess,1,gamma
0.8,0.15,0.7150000000000001,0.2,0.8,0.5,0.30419700987325377,0.32566228565561145,guess,1,gamma
0.8,0.15,0.5725,0.2,0.8,0.5,0.1903266256524412,0.3019846468452736,guess,1,gamma
0.8,0.15,1.0,0.2,0.8,0.5,0.26702441008242517,0.16798494849536502,guess,1,gamma
0.8,0.15,0.6200000000000001,0.2,0.8,0.5,0.06080533097363787,0.31531892611287154,guess,1,gamma
0.8,0.15,0.24,0.2,0.8,0.5,0.14457301889556173,0.3091671492461295,guess,1,gamma
0.8,0.15,0.1925,0.2,0.8,0.5,0.13309503967490055,0.261565582089886,guess,1,gamma
0.8,0.15,0.0975,0.2,0.8,0.5,0.26565209319961924,0.2409988318699067,guess,1,gamma
0.8,0.15,0.2875,0.2,0.8,0.5,0.02158207684592079,0.12277411563736303,guess,1,gamma
0.8,0.15,0.8575,0.2,0.8,0.5,0.29793880158405206,0.040106110164794366,guess,1,gamma
0.8,0.15,0.905,0.2,0.8,0.5,0.0237689392925917,-0.00036181803800340096,guess,1,gamma
0.8,0.15,0.9525,0.2,0.8,0.5,0.24111588685259586,0.16242513453312057,guess,1,gamma
0.8,0.15,0.05,0.2,0.8,0.5,0.003639807060633859,0.1864963422662416,guess,1,gamma
0.8,0.15,0.4775,0.2,0.8,0.5,0.010110673346375165,0.11685520058037993,guess,1,gamma
0.8374999999999999,0.15,0.7,0.2,0.8,0.5,-0.019699623974642887,-0.003361274245621418,nishimori,2,eta
0.7925,0.15,0.7,0.2,0.8,0.5,0.3874280176445043,0.19643711721082202,nishimori,2,eta
0.7025,0.15,0.7,0.2,0.8,0.5,0.01922753322411749,0.19354591607054253,nishimori,2,eta
0.86,0.15,0.7,0.2,0.8,0.5,0.014778909768928112,-0.005686632433139419,nishimori,2,eta
0.6799999999999999,0.15,0.7,0.2,0.8,0.5,0.05067533008816795,0.27512881604287176,nishimori,2,eta
0.5,0.15,0.7,0.2,0.8,0.5,-0.018577730942303746,0.12214135641213668,nishimori,2,eta
0.59,0.15,0.7,0.2,0.8,0.5,0.013648353016102076,0.29289541057352203,nishimori,2,eta
0.905,0.15,0.7,0.2,0.8,0.5,0.13124843809324194,0.25315940525112934,nishimori,2,eta
0.9275,0.15,0.7,0.2,0.8,0.5,0.19910686935453673,0.26671878829368634,nishimori,2,eta
0.5675,0.15,0.7,0.2,0.8,0.5,-0.00011481633983388797,0.05250028049742568,nishimori,2,eta
0.7475,0.15,0.7,0.2,0.8,0.5,0.33823946592026627,0.17977174735700865,nishimori,2,eta
0.5225,0.15,0.7,0.2,0.8,0.5,-0.007490683417149615,0.13812264442501668,nishimori,2,eta
0.635,0.15,0.7,0.2,0.8,0.5,0.1278594072875799,0.2512882103799772,nishimori,2,eta
0.8825000000000001,0.15,0.7,0.2,0.8,0.5,-0.0010986232780698761,0.307571351847575,nishimori,2,eta
0.725,0.15,0.7,0.2,0.8,0.5,-0.0022750028141310854,0.2797928661554656,nishimori,2,eta
0.77,0.15,0.7,0.2,0.8,0.5,0.29529627753861737,0.23755670602706214,nishimori,2,eta
0.6575,0.15,0.7,0.2,0.8,0.5,-0.0006711228670709126,0.11766893947395674,nishimori,2,eta
0.545,0.15,0.7,0.2,0.8,0.5,0.004658257625415807,0.16133770270073927,nishimori,2,eta
0.815,0.15,0.7,0.2,0.8,0.5,0.18895956566217711,-0.00292429761240937,nishimori,2,eta
0.95,0.15,0.7,0.2,0.8,0.5,0.03837954249514782,0.2979029316977395,nishimori,2,eta
0.6125,0.15,0.7,0.2,0.8,0.5,0.019153564313286756,0.08363804946228799,nishimori,2,eta
0.95,0.15,0.7,0.2,0.8,0.5,0.053977988988630966,0.1014122984922567,guess,2,eta
0.6125,0.15,0.7,0.2,0.8,0.5,0.00812430171641724,0.04823427725758317,guess,2,eta
0.8374999999999999,0.15,0.7,0.2,0.8,0.5,0.14685155758210877,0.21938265951808358,guess,2,eta
0.7925,0.15,0.7,0.2,0.8,0.5,-0.008099935058177205,0.25590400556231446,guess,2,eta
0.545,0.15,0.7,0.2,0.8,0.5,0.0023822380010664218,0.0021134345343331506,guess,2,eta
0.7025,0.15,0.7,0.2,0.8,0.5,0.001840235675427742,0.0067429350708387,guess,2,eta
0.5225,0.15,0.7,0.2,0.8,0.5,5.0789840666300716e-05,0.09345306255204429,guess,2,eta
0.5675,0.15,0.7,0.2,0.8,0.5,0.06693375181812376,0.00907012680904359,guess,2,eta
0.5,0.15,0.7,0.2,0.8,0.5,-0.001122797906804206,-0.003393391298818161,guess,2,eta
0.905,0.15,0.7,0.2,0.8,0.5,0.31849771280428746,0.12235473963358082,guess,2,eta
0.8825000000000001,0.15,0.7,0.2,0.8,0.5,-0.006755388178631101,0.14191969295321114,guess,2,eta
0.6575,0.15,0.7,0.2,0.8,0.5,-0.008725936504053526,0.16928058354850117,guess,2,eta
0.6799999999999999,0.15,0.7,0.2,0.8,0.5,0.17828551926844957,0.09567542455714577,guess,2,eta
0.86,0.15,0.7,0.2,0.8,0.5,0.18173704788320438,0.2028740490278952,guess,2,eta
0.77,0.15,0.7,0.2,0.8,0.5,-0.003440337701113104,0.15708724286652656,guess,2,eta
0.635,0.15,0.7,0.2,0.8,0.5,-0.001785239089775523,0.10902349935325012,guess,2,eta
0.725,0.15,0.7,0.2,0.8,0.5,0.09403684813000104,0.20159452473825343,guess,2,eta
0.59,0.15,0.7,0.2,0.8,0.5,0.2709920735982073,0.04393984710739351,guess,2,eta
0.9275,0.15,0.7,0.2,0.8,0.5,0.08063845898302183,-0.004603837057708424,guess,2,eta
0.7475,0.15,0.7,0.2,0.8,0.5,0.2614181615385351,0.37372752472995435,guess,2,eta
0.815,0.15,0.7,0.2,0.8,0.5,-0.01212994714227772,0.011594763564910257,guess,2,eta
0.8,0.15,0.7,0.2,1.7075,0.5,0.5604551052856452,0.47984237573560873,nishimori,2,lambda
0.8,0.15,0.7,0.2,1.3175000000000001,0.5,0.3264385481027348,0.31512165409032833,nishimori,2,lambda
0.8,0.15,0.7,0.2,0.05,0.5,-0.006878319684951491,0.08617281717707398,nishimori,2,lambda
0.8,0.15,0.7,0.2,0.8300000000000001,0.5,0.013821117683076943,0.07536140544213044,nishimori,2,lambda
0.8,0.15,0.7,0.2,1.5125000000000002,0.5,0.4753885461540221,0.418007625470708,nishimori,2,lambda
0.8,0.15,0.7,0.2,0.245,0.5,-0.0014775080557273034,0.016463036292024648,nishimori,2,lambda
0.8,0.15,0.7,0.2,0.14750000000000002,0.5,-0.0022587837425933938,0.029206170081197566,nishimori,2,lambda
0.8,0.15,0.7,0.2,0.635,0.5,0.08447186630427748,0.04808349381872398,nishimori,2,lambda
0.8,0.15,0.7,0.2,2.0,0.5,0.5588287829737109,-0.0034164093260210704,nishimori,2,lambda
0.8,0.15,0.7,0.2,0.7325,0.5,0.3774889177793725,0.07526265807689168,nishimori,2,lambda
0.8,0.15,0.7,0.2,1.0250000000000001,0.5,0.2806563983980536,0.26964869120767293,nishimori,2,lambda
0.8,0.15,0.7,0.2,0.9275000000000001,0.5,-0.0008566241337867901,0.23469874940961455,nishimori,2,lambda
0.8,0.15,0.7,0.2,1.61,0.5,0.5227298076686427,0.3684233807918386,nishimori,2,lambda
0.8,0.15,0.7,0.2,1.1225,0.5,0.4092496658808615,0.33748746923472034,nishimori,2,lambda
0.8,0.15,0.7,0.2,0.44,0.5,0.0049795865022588745,0.2681584467882102,nishimori,2,lambda
0.8,0.15,0.7,0.2,0.34249999999999997,0.5,-0.0006703905637516927,0.1583752048702155,nishimori,2,lambda
0.8,0.15,0.7,0.2,1.22,0.5,0.5472642194826233,0.38368232428030086,nishimori,2,lambda
0.8,0.15,0.7,0.2,1.8050000000000002,0.5,0.5998578805161395,0.35477599710302193,nishimori,2,lambda
0.8,0.15,0.7,0.2,1.415,0.5,0.40750787215860895,0.4817932187045014,nishimori,2,lambda
0.8,0.15,0.7,0.2,1.9025,0.5,0.6101957927889051,0.5765879153477621,nishimori,2,lambda
0.8,0.15,0.7,0.2,0.5375000000000001,0.5,0.006143759875907348,0.04803380326553825,nishimori,2,lambda
0.8,0.15,0.7,0.2,0.44,0.5,-0.0012177255589557122,0.0047360330704475624,guess,2,lambda
0.8,0.15,0.7,0.2,1.0250000000000001,0.5,0.3540249329024635,0.3298515699320828,guess,2,lambda
0.8,0.15,0.7,0.2,0.05,0.5,-0.006107138410226564,-0.004657708124961015,guess,2,lambda
0.8,0.15,0.7,0.2,2.0,0.5,0.46411871064280813,0.3006246010160268,guess,2,lambda
0.8,0.15,0.7,0.2,1.415,0.5,0.3716392280156174,0.23600774162173174,guess,2,lambda
0.8,0.15,0.7,0.2,1.22,0.5,0.0017297551930903722,0.2763985877891581,guess,2,lambda
0.8,0.15,0.7,0.2,1.9025,0.5,0.5333664823475565,0.3298389499192501,guess,2,lambda
0.8,0.15,0.7,0.2,0.34249999999999997,0.5,-0.003925283089709785,-0.005107166778298727,guess,2,lambda
0.8,0.15,0.7,0.2,0.14750000000000002,0.5,-0.0003699827471817728,0.06669962984263411,guess,2,lambda
0.8,0.15,0.7,0.2,1.7075,0.5,0.40548365658706886,0.2510769283296455,guess,2,lambda
0.8,0.15,0.7,0.2,0.635,0.5,-0.013446753091048858,0.03213235034905949,guess,2,lambda
0.8,0.15,0.7,0.2,1.8050000000000002,0.5,0.3877101373783493,0.48143083295919026,guess,2,lambda
0.8,0.15,0.7,0.2,0.5375000000000001,0.5,0.0017699562567953678,0.21690435719385434,guess,2,lambda
0.8,0.15,0.7,0.2,0.8300000000000001,0.5,0.08754885099619845,0.20056547400999608,guess,2,lambda
0.8,0.15,0.7,0.2,1.5125000000000002,0.5,0.4538308613989666,0.2831778776166543,guess,2,lambda
0.8,0.15,0.7,0.2,1.3175000000000001,0.5,0.2921997960838249,0.37695110712522445,guess,2,lambda
0.8,0.15,0.7,0.2,1.61,0.5,0.5501205207333631,0.5185969007202207,guess,2,lambda
0.8,0.15,0.7,0.2,0.245,0.5,-0.004656918355885756,0.08112982657034122,guess,2,lambda
0.8,0.15,0.7,0.2,0.9275000000000001,0.5,-0.00850438241556422,0.20005111313039528,guess,2,lambda
0.8,0.15,0.7,0.2,1.1225,0.5,0.5043253389347003,0.21562547534613422,guess,2,lambda
0.8,0.15,0.7,0.2,0.7325,0.5,0.19976469388740722,0.2730447312283604,guess,2,lambda
0.8,0.15,0.24,0.2,0.8,0.5,-0.004370641284841326,0.14378215928236418,nishimori,2,gamma
0.8,0.15,0.05,0.2,0.8,0.5,0.049548330862486674,0.5562733689069383,nishimori,2,gamma
0.8,0.15,0.6200000000000001,0.2,0.8,0.5,0.2458330703681074,0.30477192510346235,nishimori,2,gamma
0.8,0.15,0.0975,0.2,0.8,0.5,0.09422397423262746,0.17027975389348202,nishimori,2,gamma
0.8,0.15,0.525,0.2,0.8,0.5,0.15064754406623032,0.16583820132312568,nishimori,2,gamma
0.8,0.15,0.3825,0.2,0.8,0.5,0.1884232551851605,0.046581212998177385,nishimori,2,gamma
0.8,0.15,0.5725,0.2,0.8,0.5,-0.016973016623486763,0.2876826412655358,nishimori,2,gamma
0.8,0.15,0.7150000000000001,0.2,0.8,0.5,0.005227251555032947,0.27934117758899696,nishimori,2,gamma
0.8,0.15,0.14500000000000002,0.2,0.8,0.5,0.0900688675736297,-0.002184893162427566,nishimori,2,gamma
0.8,0.15,0.81,0.2,0.8,0.5,0.007372788609199192,0.31991869276887985,nishimori,2,gamma
0.8,0.15,0.335,0.2,0.8,0.5,0.0014802367250960743,0.23251310023883492,nishimori,2,gamma
0.8,0.15,0.1925,0.2,0.8,0.5,0.12628114715561825,0.14081304637578893,nishimori,2,gamma
0.8,0.15,0.905,0.2,0.8,0.5,0.08580316904903179,0.24896196807314208,nishimori,2,gamma
0.8,0.15,0.4775,0.2,0.8,0.5,0.10879547862945955,0.1789946564216071,nishimori,2,gamma
0.8,0.15,0.6675000000000001,0.2,0.8,0.5,0.2856782682956385,0.3742059815449937,nishimori,2,gamma
0.8,0.15,0.9525,0.2,0.8,0.5,0.16663794215537037,0.16676818552853784,nishimori,2,gamma
0.8,0.15,0.8575,0.2,0.8,0.5,0.21881227476530207,-0.0007018792625231403,nishimori,2,gamma
0.8,0.15,0.7625000000000001,0.2,0.8,0.5,-0.004146808143488301,0.18647674281907597,nishimori,2,gamma
0.8,0.15,1.0,0.2,0.8,0.5,0.05693036384594922,0.37793659268665764,nishimori,2,gamma
0.8,0.15,0.43,0.2,0.8,0.5,0.2849850188922594,0.28500138710785106,nishimori,2,gamma
0.8,0.15,0.2875,0.2,0.8,0.5,0.14155306540832466,0.23455564321867142,nishimori,2,gamma
0.8,0.15,1.0,0.2,0.8,0.5,0.34893143092909984,0.03084621143154084,guess,2,gamma
0.8,0.15,0.7625000000000001,0.2,0.8,0.5,0.2740608866011159,0.09246212575236898,guess,2,gamma
0.8,0.15,0.905,0.2,0.8,0.5,0.30742652081043537,0.2135563594051475,guess,2,gamma
0.8,0.15,0.1925,0.2,0.8,0.5,-0.0032454170932134756,0.2226159831681888,guess,2,gamma
0.8,0.15,0.8575,0.2,0.8,0.5,0.08660841710317864,0.15644495323934404,guess,2,gamma
0.8,0.15,0.2875,0.2,0.8,0.5,0.23885090872238032,0.3919099767207765,guess,2,gamma
0.8,0.15,0.525,0.2,0.8,0.5,0.15845565124363412,0.3944948254170529,guess,2,gamma
0.8,0.15,0.6675000000000001,0.2,0.8,0.5,0.2896854676410187,0.22555421710599455,guess,2,gamma
0.8,0.15,0.0975,0.2,0.8,0.5,0.02273948271514248,0.15282910855170084,guess,2,gamma
0.8,0.15,0.5725,0.2,0.8,0.5,0.23569414676573872,0.003889733276451949,guess,2,gamma
0.8,0.15,0.9525,0.2,0.8,0.5,0.10465721364134269,0.2583076162926955,guess,2,gamma
0.8,0.15,0.6200000000000001,0.2,0.8,0.5,-0.00241588522976402,0.18327522269924004,guess,2,gamma
0.8,0.15,0.4775,0.2,0.8,0.5,0.09343653220622894,0.12099101949426853,guess,2,gamma
0.8,0.15,0.24,0.2,0.8,0.5,0.2004701811971878,-0.005323868677905945,guess,2,gamma
0.8,0.15,0.43,0.2,0.8,0.5,0.23526316854523746,0.3814718684799383,guess,2,gamma
0.8,0.15,0.05,0.2,0.8,0.5,0.007584534176081662,0.25834433339619084,guess,2,gamma
0.8,0.15,0.3825,0.2,0.8,0.5,0.14701375896302,0.2093153652680369,guess,2,gamma
0.8,0.15,0.335,0.2,0.8,0.5,0.11988282580725736,0.16914785681255845,guess,2,gamma
0.8,0.15,0.7150000000000001,0.2,0.8,0.5,0.1121596313306922,0.14227442254459047,guess,2,gamma
0.8,0.15,0.14500000000000002,0.2,0.8,0.5,0.15600578871201157,0.13567073170731708,guess,2,gamma
0.8,0.15,0.81,0.2,0.8,0.5,0.32503673296790186,-0.004371804180248096,guess,2,gamma
0.7025,0.15,0.7,0.2,0.8,0.5,0.04521836446843186,0.1598768397544619,nishimori,3,eta
0.635,0.15,0.7,0.2,0.8,0.5,0.05531539788986703,0.029703711391783745,nishimori,3,eta
0.905,0.15,0.7,0.2,0.8,0.5,0.24009408358965081,0.4360433832317746,nishimori,3,eta
0.725,0.15,0.7,0.2,0.8,0.5,0.39066741723486675,0.20834605475167825,nishimori,3,eta
0.9275,0.15,0.7,0.2,0.8,0.5,0.021431520308905865,0.3878716876518794,nishimori,3,eta
0.815,0.15,0.7,0.2,0.8,0.5,0.3735034202277399,0.13719109436406815,nishimori,3,eta
0.5,0.15,0.7,0.2,0.8,0.5,0.0596287831785285,0.01292945867319404,nishimori,3,eta
0.95,0.15,0.7,0.2,0.8,0.5,0.34623097069346864,-0.0036532192526771688,nishimori,3,eta
0.86,0.15,0.7,0.2,0.8,0.5,-0.00045253419147224457,0.2696597898244049,nishimori,3,eta
0.8825000000000001,0.15,0.7,0.2,0.8,0.5,0.018478540541603354,0.23158919581045825,nishimori,3,eta
0.6575,0.15,0.7,0.2,0.8,0.5,0.0034677939231550596,0.0694786410670535,nishimori,3,eta
0.545,0.15,0.7,0.2,0.8,0.5,-0.0030905343369757752,0.034817580183810815,nishimori,3,eta
0.8374999999999999,0.15,0.7,0.2,0.8,0.5,0.24130012344876575,0.09379128376240939,nishimori,3,eta
0.7475,0.15,0.7,0.2,0.8,0.5,0.10440356584237749,0.02410635155096012,nishimori,3,eta
0.77,0.15,0.7,0.2,0.8,0.5,-0.001407338251812119,0.07323311479615359,nishimori,3,eta
0.59,0.15,0.7,0.2,0.8,0.5,0.006798486922296148,0.25393553093596266,nishimori,3,eta
0.5225,0.15,0.7,0.2,0.8,0.5,0.04753344193534226,0.016402839210141674,nishimori,3,eta
0.6125,0.15,0.7,0.2,0.8,0.5,0.042900803910905776,0.08157436789808432,nishimori,3,eta
0.6799999999999999,0.15,0.7,0.2,0.8,0.5,0.23654525510586602,0.1994543363255842,nishimori,3,eta
0.7925,0.15,0.7,0.2,0.8,0.5,-0.004213779006766544,0.06751121523922253,nishimori,3,eta
0.5675,0.15,0.7,0.2,0.8,0.5,-0.005676133508051481,0.19092889540839755,nishimori,3,eta
0.545,0.15,0.7,0.2,0.8,0.5,-0.025590326966183408,0.01367990949744328,guess,3,eta
0.635,0.15,0.7,0.2,0.8,0.5,0.1276388719266392,0.14320595387035012,guess,3,eta
0.5,0.15,0.7,0.2,0.8,0.5,0.0050180136916177735,-0.0033811493944971944,guess,3,eta
0.7475,0.15,0.7,0.2,0.8,0.5,0.39668021838676215,0.08120486793004018,guess,3,eta
0.95,0.15,0.7,0.2,0.8,0.5,0.39490827213878155,0.18695953340702462,guess,3,eta
0.6799999999999999,0.15,0.7,0.2,0.8,0.5,0.08199935167433423,0.14454696515159285,guess,3,eta
0.7025,0.15,0.7,0.2,0.8,0.5,0.012734885304107237,-0.004552325189666363,guess,3,eta
0.905,0.15,0.7,0.2,0.8,0.5,0.33500545628882666,0.23603786542069585,guess,3,eta
0.59,0.15,0.7,0.2,0.8,0.5,0.007378104336628472,0.06487806610916114,guess,3,eta
0.6575,0.15,0.7,0.2,0.8,0.5,0.190742481163547,0.0813656784582067,guess,3,eta
0.7925,0.15,0.7,0.2,0.8,0.5,0.19747910871119442,0.18099438439622376,guess,3,eta
0.8825000000000001,0.15,0.7,0.2,0.8,0.5,0.15726266800931293,0.041848452445050394,guess,3,eta
0.5675,0.15,0.7,0.2,0.8,0.5,0.00034101773171536445,0.013695209764400851,guess,3,eta
0.815,0.15,0.7,0.2,0.8,0.5,0.002329304201825693,0.13716994027543877,guess,3,eta
0.725,0.15,0.7,0.2,0.8,0.5,-0.0031698796930493107,0.22633422036086617,guess,3,eta
0.77,0.15,0.7,0.2,0.8,0.5,0.040377791277839976,0.18462254173995288,guess,3,eta
0.6125,0.15,0.7,0.2,0.8,0.5,0.18321214900791571,0.012626303503575752,guess,3,eta
0.9275,0.15,0.7,0.2,0.8,0.5,0.4937572722941114,0.30645723222083476,guess,3,eta
0.8374999999999999,0.15,0.7,0.2,0.8,0.5,0.30004791262020913,0.27785739881123234,guess,3,eta
0.5225,0.15,0.7,0.2,0.8,0.5,-0.004216840984088093,0.08481073269972701,guess,3,eta
0.86,0.15,0.7,0.2,0.8,0.5,0.29899464916293894,0.22653234299968247,guess,3,eta
0.8,0.15,0.7,0.2,0.44,0.5,-0.018768906316560304,0.3035894453209418,nishimori,3,lambda
0.8,0.15,0.7,0.2,1.415,0.5,0.42324228077626785,0.2488620262899609,nishimori,3,lambda
0.8,0.15,0.7,0.2,0.635,0.5,0.015474818101274915,0.2705049855258926,nishimori,3,lambda
0.8,0.15,0.7,0.2,1.8050000000000002,0.5,0.6064230173272377,0.39385434653820883,nishimori,3,lambda
0.8,0.15,0.7,0.2,1.5125000000000002,0.5,0.48202878154448997,0.49578704346948915,nishimori,3,lambda
0.8,0.15,0.7,0.2,1.61,0.5,0.482001797609635,0.44169621131827613,nishimori,3,lambda
0.8,0.15,0.7,0.2,0.14750000000000002,0.5,0.006252073998960852,0.1224561507002679,nishimori,3,lambda
0.8,0.15,0.7,0.2,0.7325,0.5,-0.0029108626497831285,-0.0040406263976975505,nishimori,3,lambda
0.8,0.15,0.7,0.2,1.22,0.5,0.3431631372574041,0.0005769920268301293,nishimori,3,lambda
0.8,0.15,0.7,0.2,0.245,0.5,0.051704157039297705,0.03019494468309937,nishimori,3,lambda
0.8,0.15,0.7,0.2,0.34249999999999997,0.5,0.08066160437157477,0.24874650062432432,nishimori,3,lambda
0.8,0.15,0.7,0.2,1.9025,0.5,0.6715974675356983,0.48960437357857145,nishimori,3,lambda
0.8,0.15,0.7,0.2,1.1225,0.5,0.19441897711955633,0.01922000033150678,nishimori,3,lambda
0.8,0.15,0.7,0.2,0.05,0.5,-0.011671577094840147,0.39344352104837266,nishimori,3,lambda
0.8,0.15,0.7,0.2,0.9275000000000001,0.5,0.2325076553064942,0.2630457074408272,nishimori,3,lambda
0.8,0.15,0.7,0.2,1.0250000000000001,0.5,0.3775045668381099,0.32184510716188,nishimori,3,lambda
0.8,0.15,0.7,0.2,0.8300000000000001,0.5,0.1571471645469364,0.340811205485604,nishimori,3,lambda
0.8,0.15,0.7,0.2,1.3175000000000001,0.5,0.5920170514876215,0.4337295482017417,nishimori,3,lambda
0.8,0.15,0.7,0.2,1.7075,0.5,0.4630140442428094,0.3168934709785149,nishimori,3,lambda
0.8,0.15,0.7,0.2,2.0,0.5,0.6374038123821861,0.3586240742237493,nishimori,3,lambda
0.8,0.15,0.7,0.2,0.5375000000000001,0.5,0.06277341327721624,0.11351725185590873,nishimori,3,lambda
0.8,0.15,0.7,0.2,0.14750000000000002,0.5,0.024741927631093084,0.003919114443253403,guess,3,lambda
0.8,0.15,0.7,0.2,0.05,0.5,-0.002208778168995404,0.0630038280304769,guess,3,lambda
0.8,0.15,0.7,0.2,0.9275000000000001,0.5,0.003725786005889923,0.25650709581956443,guess,3,lambda
0.8,0.15,0.7,0.2,2.0,0.5,0.48537921729965466,0.4008009071298654,guess,3,lambda
0.8,0.15,0.7,0.2,1.415,0.5,0.43929184031413543,0.31389725504444993,guess,3,lambda
0.8,0.15,0.7,0.2,1.5125000000000002,0.5,0.3665179887793918,0.3423756510115345,guess,3,lambda
0.8,0.15,0.7,0.2,0.34249999999999997,0.5,0.0611812978200921,0.001048251397850171,guess,3,lambda
0.8,0.15,0.7,0.2,1.22,0.5,0.2947843357362723,0.34833208146835604,guess,3,lambda
0.8,0.15,0.7,0.2,0.44,0.5,-0.02122920216163471,0.17207466519237613,guess,3,lambda
0.8,0.15,0.7,0.2,1.8050000000000002,0.5,0.6271688540990924,0.4008736199727237,guess,3,lambda
0.8,0.15,0.7,0.2,0.5375000000000001,0.5,0.15590761226483046,0.03926350568738066,guess,3,lambda
0.8,0.15,0.7,0.2,1.3175000000000001,0.5,0.40070404976122453,0.3616899285012678,guess,3,lambda
0.8,0.15,0.7,0.2,1.0250000000000001,0.5,0.06936050470296881,0.2284058758872911,guess,3,lambda
0.8,0.15,0.7,0.2,1.7075,0.5,0.026820916033690922,0.23156783997944028,guess,3,lambda
0.8,0.15,0.7,0.2,1.61,0.5,0.43377897802057874,0.4460019225972439,guess,3,lambda
0.8,0.15,0.7,0.2,0.635,0.5,0.2315176058076942,0.13383893001416322,guess,3,lambda
0.8,0.15,0.7,0.2,0.8300000000000001,0.5,0.33611314626422706,0.14667689532738568,guess,3,lambda
0.8,0.15,0.7,0.2,0.245,0.5,0.030534675661924634,-0.0011516768306430811,guess,3,lambda
0.8,0.15,0.7,0.2,1.1225,0.5,0.1750857278579664,0.3355059405940594,guess,3,lambda
0.8,0.15,0.7,0.2,0.7325,0.5,0.3336874777828316,0.22275529720675313,guess,3,lambda
0.8,0.15,0.7,0.2,1.9025,0.5,0.44978643083703534,0.34686387247219136,guess,3,lambda
0.8,0.15,0.6675000000000001,0.2,0.8,0.5,0.1865439693019721,0.3757232883203033,nishimori,3,gamma
0.8,0.15,0.8575,0.2,0.8,0.5,0.2519173947001393,0.12868234012345187,nishimori,3,gamma
0.8,0.15,0.9525,0.2,0.8,0.5,0.2509129065537591,0.0014551814858510563,nishimori,3,gamma
0.8,0.15,0.43,0.2,0.8,0.5,0.21468804840919034,0.11405580104340007,nishimori,3,gamma
0.8,0.15,0.2875,0.2,0.8,0.5,0.01610456755926573,0.15352402105690552,nishimori,3,gamma
0.8,0.15,0.0975,0.2,0.8,0.5,0.007960057797502322,0.00955304624103731,nishimori,3,gamma
0.8,0.15,0.525,0.2,0.8,0.5,0.25159345478609385,0.27735017984515026,nishimori,3,gamma
0.8,0.15,0.05,0.2,0.8,0.5,-0.0017501477850855756,0.5864453665283541,nishimori,3,gamma
0.8,0.15,0.7150000000000001,0.2,0.8,0.5,-0.007834866266521995,0.2704247188976206,nishimori,3,gamma
0.8,0.15,0.4775,0.2,0.8,0.5,0.12222186344948564,0.19253697886495108,nishimori,3,gamma
0.8,0.15,0.81,0.2,0.8,0.5,0.2984028229596396,0.15986393154068537,nishimori,3,gamma
0.8,0.15,0.6200000000000001,0.2,0.8,0.5,-0.01481653967188763,0.20411549194304626,nishimori,3,gamma
0.8,0.15,0.1925,0.2,0.8,0.5,0.04905728985359633,0.2743706043329472,nishimori,3,gamma
0.8,0.15,0.335,0.2,0.8,0.5,0.039052066116872945,0.3338115167441775,nishimori,3,gamma
0.8,0.15,0.3825,0.2,0.8,0.5,0.023812225840370193,0.25587252154466134,nishimori,3,gamma
0.8,0.15,0.905,0.2,0.8,0.5,-0.01896670050876586,0.3155771973833063,nishimori,3,gamma
0.8,0.15,0.14500000000000002,0.2,0.8,0.5,0.0026017000302341643,0.252879755074923,nishimori,3,gamma
0.8,0.15,1.0,0.2,0.8,0.5,-0.022341087283676096,0.3197940841738243,nishimori,3,gamma
0.8,0.15,0.7625000000000001,0.2,0.8,0.5,0.05971573208113302,0.3406623032336334,nishimori,3,gamma
0.8,0.15,0.24,0.2,0.8,0.5,0.06721996990004266,0.13173342526219808,nishimori,3,gamma
0.8,0.15,0.5725,0.2,0.8,0.5,0.2540951488118123,0.2651707924848902,nishimori,3,gamma
0.8,0.15,1.0,0.2,0.8,0.5,0.37484562721437803,0.1957498184099102,guess,3,gamma
0.8,0.15,0.7625000000000001,0.2,0.8,0.5,0.13078905327295098,0.011463472622251345,guess,3,gamma
0.8,0.15,0.24,0.2,0.8,0.5,0.1691103093574883,0.11875335840945728,guess,3,gamma
0.8,0.15,0.7150000000000001,0.2,0.8,0.5,0.004063480239251225,0.1391959548959472,guess,3,gamma
0.8,0.15,0.43,0.2,0.8,0.5,0.24122367899154928,0.2849446500049183,guess,3,gamma
0.8,0.15,0.2875,0.2,0.8,0.5,-0.00030985292526617916,0.12254844698068088,guess,3,gamma
0.8,0.15,0.6200000000000001,0.2,0.8,0.5,0.013534192239865935,0.21892530806089733,guess,3,gamma
0.8,0.15,0.8575,0.2,0.8,0.5,0.02379397242785882,0.21388520800666366,guess,3,gamma
0.8,0.15,0.05,0.2,0.8,0.5,0.24628642703254336,0.4561132695821287,guess,3,gamma
0.8,0.15,0.5725,0.2,0.8,0.5,0.39619231046722453,0.21760470219635003,guess,3,gamma
0.8,0.15,0.4775,0.2,0.8,0.5,0.33725667722951563,0.0426933982986541,guess,3,gamma
0.8,0.15,0.905,0.2,0.8,0.5,-0.0020492345936716744,0.1208675881081822,guess,3,gamma
0.8,0.15,0.9525,0.2,0.8,0.5,0.14581109106625922,0.12224064785932437,guess,3,gamma
0.8,0.15,0.14500000000000002,0.2,0.8,0.5,0.010309742481541508,0.326563122262047,guess,3,gamma
0.8,0.15,0.6675000000000001,0.2,0.8,0.5,0.2549192484068332,0.3905234493097255,guess,3,gamma
0.8,0.15,0.3825,0.2,0.8,0.5,0.11811956823462233,0.2210654788083915,guess,3,gamma
0.8,0.15,0.525,0.2,0.8,0.5,0.13740204429301534,0.16994780697738301,guess,3,gamma
0.8,0.15,0.1925,0.2,0.8,0.5,0.180524051264089,0.3246172064331351,guess,3,gamma
0.8,0.15,0.335,0.2,0.8,0.5,0.14424652366331314,0.22228722343555862,guess,3,gamma
0.8,0.15,0.0975,0.2,0.8,0.5,-0.015247398060343462,0.2751462340951577,guess,3,gamma
0.8,0.15,0.81,0.2,0.8,0.5,-0.021715142111196142,0.05227004599197667,guess,3,gamma
0.86,0.15,0.7,0.2,0.8,0.5,0.1216350038706771,0.11043785747645128,nishimori,4,eta
0.77,0.15,0.7,0.2,0.8,0.5,0.22454715394092628,0.2682249764008888,nishimori,4,eta
0.95,0.15,0.7,0.2,0.8,0.5,0.2512689147940559,0.036932930328768196,nishimori,4,eta
0.5225,0.15,0.7,0.2,0.8,0.5,-0.010091076987463199,0.046970282025689036,nishimori,4,eta
0.7025,0.15,0.7,0.2,0.8,0.5,0.11699196653690265,0.045184665676282036,nishimori,4,eta
0.5,0.15,0.7,0.2,0.8,0.5,0.034114750723116864,0.184469909791329,nishimori,4,eta
0.905,0.15,0.7,0.2,0.8,0.5,0.2624123142846574,-0.004810181066673399,nishimori,4,eta
0.8374999999999999,0.15,0.7,0.2,0.8,0.5,0.19678829738172088,0.3026744815747339,nishimori,4,eta
0.8825000000000001,0.15,0.7,0.2,0.8,0.5,0.31807008283861693,0.00016333781747641238,nishimori,4,eta
0.815,0.15,0.7,0.2,0.8,0.5,0.012464553829425117,0.32732684618092206,nishimori,4,eta
0.59,0.15,0.7,0.2,0.8,0.5,-0.001758207318660363,0.13077728986626655,nishimori,4,eta
0.545,0.15,0.7,0.2,0.8,0.5,-0.0019919459946229953,0.06052624396102301,nishimori,4,eta
0.5675,0.15,0.7,0.2,0.8,0.5,0.216114327408876,0.16534205763124238,nishimori,4,eta
0.9275,0.15,0.7,0.2,0.8,0.5,0.27218689514506916,0.3399050147645216,nishimori,4,eta
0.6799999999999999,0.15,0.7,0.2,0.8,0.5,-0.0008718393670233912,0.005738715400390026,nishimori,4,eta
0.6575,0.15,0.7,0.2,0.8,0.5,-0.003953798583689587,0.27475799088508573,nishimori,4,eta
0.7925,0.15,0.7,0.2,0.8,0.5,0.17793536169526514,0.4006243062549982,nishimori,4,eta
0.7475,0.15,0.7,0.2,0.8,0.5,0.14997584715624038,0.3509800097293356,nishimori,4,eta
0.6125,0.15,0.7,0.2,0.8,0.5,0.32349826716946317,-0.005494109273785911,nishimori,4,eta
0.725,0.15,0.7,0.2,0.8,0.5,0.37780732342974344,0.004607087675989631,nishimori,4,eta
0.635,0.15,0.7,0.2,0.8,0.5,0.1793823176057297,0.19799810568731796,nishimori,4,eta
0.545,0.15,0.7,0.2,0.8,0.5,-0.005734784437938403,0.06939268675036481,guess,4,eta
0.6799999999999999,0.15,0.7,0.2,0.8,0.5,0.0006656769268273612,0.16506996008997343,guess,4,eta
0.95,0.15,0.7,0.2,0.8,0.5,0.12308091876399073,0.21633312282671688,guess,4,eta
0.905,0.15,0.7,0.2,0.8,0.5,0.24316865990122927,-0.00038163488142816255,guess,4,eta
0.6125,0.15,0.7,0.2,0.8,0.5,0.005223641968202806,0.1026700757109021,guess,4,eta
0.635,0.15,0.7,0.2,0.8,0.5,0.015495603717186364,0.07801060977058413,guess,4,eta
0.77,0.15,0.7,0.2,0.8,0.5,-0.0016005535970804866,0.3665277816553618,guess,4,eta
0.7475,0.15,0.7,0.2,0.8,0.5,-0.0014380817532478327,0.2576093259363345,guess,4,eta
0.725,0.15,0.7,0.2,0.8,0.5,-0.0018216534291083434,0.036767769434692836,guess,4,eta
0.5675,0.15,0.7,0.2,0.8,0.5,0.016920094600048893,-0.004729267817728101,guess,4,eta
0.59,0.15,0.7,0.2,0.8,0.5,2.447405260942349e-06,0.10157858613589568,guess,4,eta
0.8374999999999999,0.15,0.7,0.2,0.8,0.5,0.20595726212638624,0.12090334310957615,guess,4,eta
0.7025,0.15,0.7,0.2,0.8,0.5,0.09906188051593928,0.13580354029792233,guess,4,eta
0.9275,0.15,0.7,0.2,0.8,0.5,0.2596869533402696,0.2378300919626966,guess,4,eta
0.5,0.15,0.7,0.2,0.8,0.5,-0.0022011675758445786,0.15632110956130704,guess,4,eta
0.8825000000000001,0.15,0.7,0.2,0.8,0.5,0.21565491079771454,0.1780885677050317,guess,4,eta
0.5225,0.15,0.7,0.2,0.8,0.5,-0.005468627932412223,0.0006764996100432184,guess,4,eta
0.7925,0.15,0.7,0.2,0.8,0.5,0.07008993991707023,0.03610601275980311,guess,4,eta
0.815,0.15,0.7,0.2,0.8,0.5,-0.007067329271034328,0.14382271290894505,guess,4,eta
0.6575,0.15,0.7,0.2,0.8,0.5,0.017885252416468062,0.014005460925972534,guess,4,eta
0.86,0.15,0.7,0.2,0.8,0.5,-0.006818543411071779,0.04919357395609453,guess,4,eta
0.8,0.15,0.7,0.2,0.5375000000000001,0.5,0.026925932096789246,0.3566869177757685,nishimori,4,lambda
0.8,0.15,0.7,0.2,0.635,0.5,0.2895101742694147,0.3125925968242112,nishimori,4,lambda
0.8,0.15,0.7,0.2,1.22,0.5,0.38987416052085316,0.3922192038576863,nishimori,4,lambda
0.8,0.15,0.7,0.2,0.245,0.5,-0.001034043503558555,0.006945339608456642,nishimori,4,lambda
0.8,0.15,0.7,0.2,0.7325,0.5,0.14749925103293374,0.2951616062997552,nishimori,4,lambda
0.8,0.15,0.7,0.2,1.1225,0.5,0.30045581691444506,0.39301198078831834,nishimori,4,lambda
0.8,0.15,0.7,0.2,0.05,0.5,-0.010492731536635774,0.17599090805833278,nishimori,4,lambda
0.8,0.15,0.7,0.2,1.3175000000000001,0.5,0.37695136847474464,0.47213963072090637,nishimori,4,lambda
0.8,0.15,0.7,0.2,2.0,0.5,0.47380548405487644,0.043059224276594275,nishimori,4,lambda
0.8,0.15,0.7,0.2,1.7075,0.5,0.4727499090475311,0.008953550365344051,nishimori,4,lambda
0.8,0.15,0.7,0.2,0.44,0.5,0.01855095791878027,0.08343240148066922,nishimori,4,lambda
0.8,0.15,0.7,0.2,0.14750000000000002,0.5,0.0043277916977431325,-0.004268542696294344,nishimori,4,lambda
0.8,0.15,0.7,0.2,1.415,0.5,-0.0049509615966742675,0.361444631375067,nishimori,4,lambda
0.8,0.15,0.7,0.2,0.9275000000000001,0.5,0.2764651239662347,0.32309827596999174,nishimori,4,lambda
0.8,0.15,0.7,0.2,1.0250000000000001,0.5,0.18583915839206241,0.2862928162960235,nishimori,4,lambda
0.8,0.15,0.7,0.2,1.9025,0.5,0.46242657967569256,0.3947639255050683,nishimori,4,lambda
0.8,0.15,0.7,0.2,1.61,0.5,0.3675109006487331,0.40650832590982117,nishimori,4,lambda
0.8,0.15,0.7,0.2,0.34249999999999997,0.5,-0.0006967861728536303,0.22067416573527712,nishimori,4,lambda
0.8,0.15,0.7,0.2,0.8300000000000001,0.5,-0.000398284135442323,0.33031271853448657,nishimori,4,lambda
0.8,0.15,0.7,0.2,1.5125000000000002,0.5,0.4430417262883731,0.332790199246824,nishimori,4,lambda
0.8,0.15,0.7,0.2,1.8050000000000002,0.5,0.597571521937586,0.5506233843306674,nishimori,4,lambda
0.8,0.15,0.7,0.2,0.9275000000000001,0.5,0.3523272533402265,0.0016095084808716107,guess,4,lambda
0.8,0.15,0.7,0.2,1.415,0.5,0.4676510563555194,0.43917148253990407,guess,4,lambda
0.8,0.15,0.7,0.2,1.3175000000000001,0.5,0.2804373452826055,0.2235492330611288,guess,4,lambda
0.8,0.15,0.7,0.2,0.8300000000000001,0.5,0.2059535511163296,0.17125077748099327,guess,4,lambda
0.8,0.15,0.7,0.2,0.14750000000000002,0.5,-0.011670245175981427,0.017171383583651747,guess,4,lambda
0.8,0.15,0.7,0.2,0.44,0.5,0.15626736072273748,-0.004495233373688119,guess,4,lambda
0.8,0.15,0.7,0.2,2.0,0.5,0.6728251113037287,0.3869803657953101,guess,4,lambda
0.8,0.15,0.7,0.2,1.0250000000000001,0.5,0.3357926661651606,0.2996302200206351,guess,4,lambda
0.8,0.15,0.7,0.2,1.61,0.5,0.49239405053457785,0.3843172873145625,guess,4,lambda
0.8,0.15,0.7,0.2,1.1225,0.5,0.21418963015663164,0.31910639363862536,guess,4,lambda
0.8,0.15,0.7,0.2,1.7075,0.5,0.41262274956185363,0.31400862817406744,guess,4,lambda
0.8,0.15,0.7,0.2,0.05,0.5,0.02078085085695597,-0.00424682042016509,guess,4,lambda
0.8,0.15,0.7,0.2,1.9025,0.5,0.3996438088426195,0.33740042964032285,guess,4,lambda
0.8,0.15,0.7,0.2,0.34249999999999997,0.5,0.015203865464917792,0.03764246101578243,guess,4,lambda
0.8,0.15,0.7,0.2,0.245,0.5,-0.004682971907874382,-0.004077327620564308,guess,4,lambda
0.8,0.15,0.7,0.2,1.8050000000000002,0.5,0.6040715994474114,0.3997217095168356,guess,4,lambda
0.8,0.15,0.7,0.2,0.635,0.5,-0.027118217543040966,0.01402003283926478,guess,4,lambda
0.8,0.15,0.7,0.2,0.7325,0.5,-0.011247306034482759,0.22983553552654518,guess,4,lambda
0.8,0.15,0.7,0.2,1.22,0.5,0.36916696047656405,0.25395818340955434,guess,4,lambda
0.8,0.15,0.7,0.2,1.5125000000000002,0.5,0.4112487906019684,0.4505566629234492,guess,4,lambda
0.8,0.15,0.7,0.2,0.5375000000000001,0.5,0.03936556896248287,0.06359715291815425,guess,4,lambda
0.8,0.15,0.05,0.2,0.8,0.5,0.09197278911564626,0.46894350810070806,nishimori,4,gamma
0.8,0.15,0.5725,0.2,0.8,0.5,-0.006184481010538849,0.17859297699840443,nishimori,4,gamma
0.8,0.15,0.43,0.2,0.8,0.5,0.13921110057074515,0.139295309813399,nishimori,4,gamma
0.8,0.15,0.8575,0.2,0.8,0.5,0.24238724352798074,0.2159226765428006,nishimori,4,gamma
0.8,0.15,0.2875,0.2,0.8,0.5,-0.0009435445824815223,0.333836887835703,nishimori,4,gamma
0.8,0.15,0.335,0.2,0.8,0.5,0.20301734579481373,0.3328366218170909,nishimori,4,gamma
0.8,0.15,0.6200000000000001,0.2,0.8,0.5,0.3615075052605116,0.3210164892300074,nishimori,4,gamma
0.8,0.15,0.1925,0.2,0.8,0.5,0.12074650345882809,0.3067593533867281,nishimori,4,gamma
0.8,0.15,0.9525,0.2,0.8,0.5,0.3094166463632059,0.18002763751480377,nishimori,4,gamma
0.8,0.15,0.7150000000000001,0.2,0.8,0.5,0.25386039820638784,0.01350468996447584,nishimori,4,gamma
0.8,0.15,1.0,0.2,0.8,0.5,0.008491991362058467,0.19201264031137322,nishimori,4,gamma
0.8,0.15,0.81,0.2,0.8,0.5,0.2874300289676338,0.2974807250784119,nishimori,4,gamma
0.8,0.15,0.7625000000000001,0.2,0.8,0.5,0.29535300537693626,0.05845631165525601,nishimori,4,gamma
0.8,0.15,0.4775,0.2,0.8,0.5,0.24222979982876972,0.2547262008442837,nishimori,4,gamma
0.8,0.15,0.6675000000000001,0.2,0.8,0.5,0.14785614536175337,0.2780631076138476,nishimori,4,gamma
0.8,0.15,0.905,0.2,0.8,0.5,0.018657048759811848,0.33257220475190147,nishimori,4,gamma
0.8,0.15,0.525,0.2,0.8,0.5,-0.0018697139787653052,0.25436421242273327,nishimori,4,gamma
0.8,0.15,0.14500000000000002,0.2,0.8,0.5,0.040680861658208035,0.45866001629831654,nishimori,4,gamma
0.8,0.15,0.0975,0.2,0.8,0.5,0.1530241696745361,0.3779166497585521,nishimori,4,gamma
0.8,0.15,0.24,0.2,0.8,0.5,0.08822814007129377,0.15102608067431184,nishimori,4,gamma
0.8,0.15,0.3825,0.2,0.8,0.5,-0.014420462670782721,0.18469323801730247,nishimori,4,gamma
0.8,0.15,0.335,0.2,0.8,0.5,0.157900394509121,0.2718699012066771,guess,4,gamma
0.8,0.15,0.5725,0.2,0.8,0.5,0.17608899477068912,0.09084425427582664,guess,4,gamma
0.8,0.15,0.2875,0.2,0.8,0.5,-0.0006705923565816472,0.17099772096743426,guess,4,gamma
0.8,0.15,0.14500000000000002,0.2,0.8,0.5,-0.00154218390166885,0.25278554965594197,guess,4,gamma
0.8,0.15,0.7150000000000001,0.2,0.8,0.5,0.18991899295203357,0.031894306677506576,guess,4,gamma
0.8,0.15,1.0,0.2,0.8,0.5,0.03996575449336595,0.31791133370226726,guess,4,gamma
0.8,0.15,0.4775,0.2,0.8,0.5,0.18921077857066781,0.04947285341867984,guess,4,gamma
0.8,0.15,0.0975,0.2,0.8,0.5,0.05719578019293202,0.17003693566816358,guess,4,gamma
0.8,0.15,0.43,0.2,0.8,0.5,0.07891323481725113,0.13804446303416065,guess,4,gamma
0.8,0.15,0.05,0.2,0.8,0.5,-0.005058365758754864,0.2791098489485152,guess,4,gamma
0.8,0.15,0.525,0.2,0.8,0.5,0.10327319412503336,0.3283609169889716,guess,4,gamma
0.8,0.15,0.7625000000000001,0.2,0.8,0.5,0.34346830359750635,0.22348943559348156,guess,4,gamma
0.8,0.15,0.6675000000000001,0.2,0.8,0.5,0.22009413217119664,0.14086454234428075,guess,4,gamma
0.8,0.15,0.8575,0.2,0.8,0.5,0.01688657140401341,0.12062153603855155,guess,4,gamma
0.8,0.15,0.1925,0.2,0.8,0.5,0.0031005470110628693,0.26487463004849704,guess,4,gamma
0.8,0.15,0.6200000000000001,0.2,0.8,0.5,0.008351865921614118,0.25710316174479664,guess,4,gamma
0.8,0.15,0.9525,0.2,0.8,0.5,0.005267506921142205,0.13660299820882035,guess,4,gamma
0.8,0.15,0.81,0.2,0.8,0.5,0.34788746370809764,0.24301063181965343,guess,4,gamma
0.8,0.15,0.3825,0.2,0.8,0.5,0.3110169057943132,0.13396560376066485,guess,4,gamma
0.8,0.15,0.905,0.2,0.8,0.5,0.20755375669274367,-0.0016358986113129475,guess,4,gamma
0.8,0.15,0.24,0.2,0.8,0.5,0.02042500604591136,0.2860653939338443,guess,4,gamma
0.6125,0.15,0.7,0.2,0.8,0.5,-0.006804891777840719,0.16578040996500357,nishimori,5,eta
0.59,0.15,0.7,0.2,0.8,0.5,-0.0014514326720600089,0.07653254601756339,nishimori,5,eta
0.635,0.15,0.7,0.2,0.8,0.5,0.06289444640997321,0.06801629977354368,nishimori,5,eta
0.6799999999999999,0.15,0.7,0.2,0.8,0.5,-0.034148861058905695,0.006813159691794135,nishimori,5,eta
0.6575,0.15,0.7,0.2,0.8,0.5,0.141131315673567,0.18446455315453641,nishimori,5,eta
0.8374999999999999,0.15,0.7,0.2,0.8,0.5,0.23508467023286103,0.23508972198888323,nishimori,5,eta
0.7025,0.15,0.7,0.2,0.8,0.5,0.25120822047292113,0.19116149722587567,nishimori,5,eta
0.86,0.15,0.7,0.2,0.8,0.5,0.17765982794653243,0.2752009715844171,nishimori,5,eta
0.545,0.15,0.7,0.2,0.8,0.5,0.0029204034478102,0.0015329279162073204,nishimori,5,eta
0.8825000000000001,0.15,0.7,0.2,0.8,0.5,0.5136755741096092,0.39889758067728154,nishimori,5,eta
0.725,0.15,0.7,0.2,0.8,0.5,0.06691917704749799,0.30312215559512085,nishimori,5,eta
0.5,0.15,0.7,0.2,0.8,0.5,0.09784546722385452,0.16696297410225372,nishimori,5,eta
0.9275,0.15,0.7,0.2,0.8,0.5,0.1333360359363038,0.3173870808805885,nishimori,5,eta
0.7925,0.15,0.7,0.2,0.8,0.5,0.07557630231416655,0.08719616816340761,nishimori,5,eta
0.77,0.15,0.7,0.2,0.8,0.5,0.14264181856628305,0.051352105812406706,nishimori,5,eta
0.5675,0.15,0.7,0.2,0.8,0.5,0.006694449939176729,0.15518265941119894,nishimori,5,eta
0.7475,0.15,0.7,0.2,0.8,0.5,0.10199377760425705,0.38329390515395123,nishimori,5,eta
0.5225,0.15,0.7,0.2,0.8,0.5,-0.007219040099905882,0.10436433898809402,nishimori,5,eta
0.905,0.15,0.7,0.2,0.8,0.5,0.22498973855753143,0.3733889679630473,nishimori,5,eta
0.95,0.15,0.7,0.2,0.8,0.5,0.40543919340567075,0.3288274327471732,nishimori,5,eta
0.815,0.15,0.7,0.2,0.8,0.5,-0.022973553189811705,-0.006927671483434336,nishimori,5,eta
0.77,0.15,0.7,0.2,0.8,0.5,0.03308374908366406,0.3065225783829144,guess,5,eta
0.5675,0.15,0.7,0.2,0.8,0.5,0.017368138442221355,0.12985955755995035,guess,5,eta
0.545,0.15,0.7,0.2,0.8,0.5,0.030818192307639748,0.012374740211150849,guess,5,eta
0.635,0.15,0.7,0.2,0.8,0.5,0.19967107144254942,0.14224681445264645,guess,5,eta
0.7475,0.15,0.7,0.2,0.8,0.5,0.2075704025719118,0.1615478703529239,guess,5,eta
0.6125,0.15,0.7,0.2,0.8,0.5,-8.059951486368397e-05,0.11339789360062345,guess,5,eta
0.59,0.15,0.7,0.2,0.8,0.5,0.1951685216191702,0.07772373740985467,guess,5,eta
0.8374999999999999,0.15,0.7,0.2,0.8,0.5,0.005212296199441731,0.030270657658402634,guess,5,eta
0.6575,0.15,0.7,0.2,0.8,0.5,-0.003155773914041655,0.08326798823200071,guess,5,eta
0.725,0.15,0.7,0.2,0.8,0.5,-0.000977124408651422,0.0963362813600694,guess,5,eta
0.5225,0.15,0.7,0.2,0.8,0.5,0.004107171371322444,0.007547465798744499,guess,5,eta
0.95,0.15,0.7,0.2,0.8,0.5,0.3800239114125454,0.06728351198192456,guess,5,eta
0.6799999999999999,0.15,0.7,0.2,0.8,0.5,0.15437187987588782,0.14669825441342182,guess,5,eta
0.905,0.15,0.7,0.2,0.8,0.5,0.13961506155995526,0.2343309941348162,guess,5,eta
0.7925,0.15,0.7,0.2,0.8,0.5,0.004549273088134669,0.10193908920813323,guess,5,eta
0.8825000000000001,0.15,0.7,0.2,0.8,0.5,0.2758632106968043,0.2394706250558884,guess,5,eta
0.5,0.15,0.7,0.2,0.8,0.5,-0.0012390752169694499,0.09001744474764123,guess,5,eta
0.9275,0.15,0.7,0.2,0.8,0.5,0.1948730004009975,0.08589559473374113,guess,5,eta
0.86,0.15,0.7,0.2,0.8,0.5,0.22344206946266404,0.3112248108087135,guess,5,eta
0.7025,0.15,0.7,0.2,0.8,0.5,0.034798983248939784,0.14660658310747388,guess,5,eta
0.815,0.15,0.7,0.2,0.8,0.5,-0.0034133448578740023,0.1620960418781048,guess,5,eta
0.8,0.15,0.7,0.2,0.05,0.5,-0.011975943640979387,0.034659966691726024,nishimori,5,lambda
0.8,0.15,0.7,0.2,0.8300000000000001,0.5,0.0012242243551119285,0.07229329054731545,nishimori,5,lambda
0.8,0.15,0.7,0.2,1.7075,0.5,0.49098752505685755,0.44848098416023735,nishimori,5,lambda
0.8,0.15,0.7,0.2,0.7325,0.5,-0.0015450600951981528,0.20065849643314432,nishimori,5,lambda
0.8,0.15,0.7,0.2,1.22,0.5,0.31814314699882346,0.04672044618845307,nishimori,5,lambda
0.8,0.15,0.7,0.2,0.635,0.5,0.17228802674141092,-0.0032675516679638145,nishimori,5,lambda
0.8,0.15,0.7,0.2,1.61,0.5,0.527222208988497,0.33260683737853974,nishimori,5,lambda
0.8,0.15,0.7,0.2,1.415,0.5,0.05350249978191563,0.3921785120007083,nishimori,5,lambda
0.8,0.15,0.7,0.2,0.44,0.5,0.035830593954039675,0.012301463178489467,nishimori,5,lambda
0.8,0.15,0.7,0.2,1.8050000000000002,0.5,0.4291076273576062,0.3455489017592589,nishimori,5,lambda
0.8,0.15,0.7,0.2,1.5125000000000002,0.5,0.4312825580360592,0.08515791687291685,nishimori,5,lambda
0.8,0.15,0.7,0.2,0.34249999999999997,0.5,0.08157506119514324,0.06943691611829902,nishimori,5,lambda
0.8,0.15,0.7,0.2,2.0,0.5,0.592540698094832,0.4760465096981023,nishimori,5,lambda
0.8,0.15,0.7,0.2,1.9025,0.5,0.5502606134969326,0.5097507410563202,nishimori,5,lambda
0.8,0.15,0.7,0.2,1.3175000000000001,0.5,0.004206554078629725,0.4433501386864566,nishimori,5,lambda
0.8,0.15,0.7,0.2,1.0250000000000001,0.5,0.3708922720793598,0.5713817809849034,nishimori,5,lambda
0.8,0.15,0.7,0.2,0.245,0.5,-0.011750036437161163,0.001177753765107899,nishimori,5,lambda
0.8,0.15,0.7,0.2,0.9275000000000001,0.5,0.48262037241093914,0.130122019402881,nishimori,5,lambda
0.8,0.15,0.7,0.2,0.14750000000000002,0.5,-0.0020337259554275063,0.3189584659587852,nishimori,5,lambda
0.8,0.15,0.7,0.2,1.1225,0.5,0.35265233585621353,0.2419560713756164,nishimori,5,lambda
0.8,0.15,0.7,0.2,0.5375000000000001,0.5,0.0046948595773163015,0.013604274775142809,nishimori,5,lambda
0.8,0.15,0.7,0.2,0.44,0.5,0.0752007297414457,0.06111750658839871,guess,5,lambda
0.8,0.15,0.7,0.2,0.245,0.5,-0.0013550451541343616,0.0020312480015531307,guess,5,lambda
0.8,0.15,0.7,0.2,0.635,0.5,0.09769914446506066,0.21644083438762476,guess,5,lambda
0.8,0.15,0.7,0.2,0.34249999999999997,0.5,-0.004622793589726222,-0.0031847917616075216,guess,5,lambda
0.8,0.15,0.7,0.2,1.3175000000000001,0.5,0.35932105942655035,0.27329163315249944,guess,5,lambda
0.8,0.15,0.7,0.2,0.05,0.5,-0.0022840093398515575,0.011427588120958001,guess,5,lambda
0.8,0.15,0.7,0.2,2.0,0.5,0.5274331618441486,0.3612350337998341,guess,5,lambda
0.8,0.15,0.7,0.2,1.0250000000000001,0.5,0.37048620565050006,0.302811742248362,guess,5,lambda
0.8,0.15,0.7,0.2,1.5125000000000002,0.5,0.30906420430984616,0.022803427905198695,guess,5,lambda
0.8,0.15,0.7,0.2,1.9025,0.5,0.4606605366720155,0.31426943535859053,guess,5,lambda
0.8,0.15,0.7,0.2,1.1225,0.5,0.426018627869337,0.1881274080183181,guess,5,lambda
0.8,0.15,0.7,0.2,1.415,0.5,0.43338821644969633,0.3065508360462736,guess,5,lambda
0.8,0.15,0.7,0.2,1.61,0.5,0.507636955240446,0.35503123754026167,guess,5,lambda
0.8,0.15,0.7,0.2,1.22,0.5,-0.025752835240843663,0.3291285279872149,guess,5,lambda
0.8,0.15,0.7,0.2,1.8050000000000002,0.5,0.6047488947358296,0.46709543938369646,guess,5,lambda
0.8,0.15,0.7,0.2,0.8300000000000001,0.5,0.0068944021343248845,0.1855411033911239,guess,5,lambda
0.8,0.15,0.7,0.2,1.7075,0.5,0.5118101851216533,0.38069681692203006,guess,5,lambda
0.8,0.15,0.7,0.2,0.14750000000000002,0.5,0.0034447176717610157,0.06860810709985578,guess,5,lambda
0.8,0.15,0.7,0.2,0.9275000000000001,0.5,0.0065942650137921725,0.23816455405318454,guess,5,lambda
0.8,0.15,0.7,0.2,0.5375000000000001,0.5,0.14247336665398427,0.07580559636600206,guess,5,lambda
0.8,0.15,0.7,0.2,0.7325,0.5,0.326383013072907,0.2568310195770417,guess,5,lambda
0.8,0.15,0.905,0.2,0.8,0.5,0.17895839221002935,0.2623988871216801,nishimori,5,gamma
0.8,0.15,0.5725,0.2,0.8,0.5,0.0018496586528692267,0.09994690944494651,nishimori,5,gamma
0.8,0.15,0.24,0.2,0.8,0.5,0.0021145795448303077,0.29443946774522206,nishimori,5,gamma
0.8,0.15,0.8575,0.2,0.8,0.5,0.24457304230917945,0.39709387100188254,nishimori,5,gamma
0.8,0.15,0.81,0.2,0.8,0.5,0.20053212283168698,0.29788210405145793,nishimori,5,gamma
0.8,0.15,0.1925,0.2,0.8,0.5,0.21999881858061787,0.27700913232638064,nishimori,5,gamma
0.8,0.15,0.7150000000000001,0.2,0.8,0.5,0.1497720300586369,0.12178515588323985,nishimori,5,gamma
0.8,0.15,1.0,0.2,0.8,0.5,0.04605896078491067,0.04246699820313829,nishimori,5,gamma
0.8,0.15,0.2875,0.2,0.8,0.5,-0.002495859672039374,0.3627841346872992,nishimori,5,gamma
0.8,0.15,0.335,0.2,0.8,0.5,0.22963855933147012,0.19842174646323452,nishimori,5,gamma
0.8,0.15,0.6675000000000001,0.2,0.8,0.5,-0.00969834410992524,0.10643976919102911,nishimori,5,gamma
0.8,0.15,0.43,0.2,0.8,0.5,-0.002464701056169644,0.03112224675020325,nishimori,5,gamma
0.8,0.15,0.6200000000000001,0.2,0.8,0.5,-0.0030862421076648665,0.2565149136577708,nishimori,5,gamma
0.8,0.15,0.3825,0.2,0.8,0.5,0.3160987327711236,0.3182590057431103,nishimori,5,gamma
0.8,0.15,0.525,0.2,0.8,0.5,0.15385222212011354,0.3213803357908432,nishimori,5,gamma
0.8,0.15,0.0975,0.2,0.8,0.5,0.34732720495028124,0.32080630875465943,nishimori,5,gamma
0.8,0.15,0.9525,0.2,0.8,0.5,0.28054319393264104,0.3529696834028508,nishimori,5,gamma
0.8,0.15,0.7625000000000001,0.2,0.8,0.5,0.23384924469459611,0.026024478460645487,nishimori,5,gamma
0.8,0.15,0.14500000000000002,0.2,0.8,0.5,0.2120568322498405,0.2683316617253199,nishimori,5,gamma
0.8,0.15,0.05,0.2,0.8,0.5,0.010747877172676076,0.3293492337578243,nishimori,5,gamma
0.8,0.15,0.4775,0.2,0.8,0.5,0.008594597504612927,0.26456318838306314,nishimori,5,gamma
0.8,0.15,0.1925,0.2,0.8,0.5,0.03515552313779872,0.30906501055719166,guess,5,gamma
0.8,0.15,0.7625000000000001,0.2,0.8,0.5,0.18821089908929173,0.2405921872594222,guess,5,gamma
0.8,0.15,0.81,0.2,0.8,0.5,0.13067990414053549,0.13682916630982908,guess,5,gamma
0.8,0.15,0.6675000000000001,0.2,0.8,0.5,0.24588286695523176,0.2245142918299693,guess,5,gamma
0.8,0.15,1.0,0.2,0.8,0.5,0.4896223088006276,0.06023010315521131,guess,5,gamma
0.8,0.15,0.525,0.2,0.8,0.5,0.21436657478405924,0.3058397012247155,guess,5,gamma
0.8,0.15,0.14500000000000002,0.2,0.8,0.5,0.2001248943907725,0.2201638311279143,guess,5,gamma
0.8,0.15,0.6200000000000001,0.2,0.8,0.5,0.007091963112189176,0.30038139617955795,guess,5,gamma
0.8,0.15,0.8575,0.2,0.8,0.5,0.11900332680512155,0.2738208264153591,guess,5,gamma
0.8,0.15,0.43,0.2,0.8,0.5,-0.002233835912188556,0.20956846257410774,guess,5,gamma
0.8,0.15,0.05,0.2,0.8,0.5,0.044151308092710964,0.28680024669755166,guess,5,gamma
0.8,0.15,0.24,0.2,0.8,0.5,0.048500536940918375,0.3070533609975223,guess,5,gamma
0.8,0.15,0.9525,0.2,0.8,0.5,0.3728661023039663,0.2990820130039498,guess,5,gamma
0.8,0.15,0.3825,0.2,0.8,0.5,0.01975935531695416,0.4371134476748098,guess,5,gamma
0.8,0.15,0.5725,0.2,0.8,0.5,0.32141018516625564,0.26741300699066733,guess,5,gamma
0.8,0.15,0.335,0.2,0.8,0.5,-0.007112390193931384,0.22922839610055035,guess,5,gamma
0.8,0.15,0.905,0.2,0.8,0.5,0.21488384345228195,0.08488486807310944,guess,5,gamma
0.8,0.15,0.0975,0.2,0.8,0.5,-0.004972564680885383,0.3029591050283766,guess,5,gamma
0.8,0.15,0.4775,0.2,0.8,0.5,0.03568080420950832,0.2416391709269822,guess,5,gamma
0.8,0.15,0.7150000000000001,0.2,0.8,0.5,0.3295001085732465,0.2368356214733764,guess,5,gamma
0.8,0.15,0.2875,0.2,0.8,0.5,0.28678429118515125,-0.004932254491303487,guess,5,gamma
0.59,0.15,0.7,0.2,0.8,0.5,-0.0011462251690689694,0.21881317227450306,nishimori,6,eta
0.6799999999999999,0.15,0.7,0.2,0.8,0.5,-0.0011454866754594909,0.18583744714739484,nishimori,6,eta
0.7025,0.15,0.7,0.2,0.8,0.5,0.21365354096252348,0.09336067300869702,nishimori,6,eta
0.6125,0.15,0.7,0.2,0.8,0.5,0.001727647692279159,0.15531212026498045,nishimori,6,eta
0.9275,0.15,0.7,0.2,0.8,0.5,0.28667573850934674,0.2488816151713864,nishimori,6,eta
0.905,0.15,0.7,0.2,0.8,0.5,0.1060236123403816,0.267671104686948,nishimori,6,eta
0.635,0.15,0.7,0.2,0.8,0.5,0.020748910181133565,0.1930997231787185,nishimori,6,eta
0.725,0.15,0.7,0.2,0.8,0.5,0.049026443906596,0.1657440395216681,nishimori,6,eta
0.7925,0.15,0.7,0.2,0.8,0.5,-0.00607787020900784,0.25337481570934633,nishimori,6,eta
0.8825000000000001,0.15,0.7,0.2,0.8,0.5,0.2864089252607227,0.15059245612831837,nishimori,6,eta
0.815,0.15,0.7,0.2,0.8,0.5,0.3379622961467282,0.2930446765556572,nishimori,6,eta
0.5225,0.15,0.7,0.2,0.8,0.5,0.007323635233756586,0.31681460910775505,nishimori,6,eta
0.545,0.15,0.7,0.2,0.8,0.5,-0.014709354341479453,0.024584785337186405,nishimori,6,eta
0.77,0.15,0.7,0.2,0.8,0.5,0.0017710485649297658,0.3342489381136982,nishimori,6,eta
0.6575,0.15,0.7,0.2,0.8,0.5,0.09865157445884239,0.0019068953926177565,nishimori,6,eta
0.7475,0.15,0.7,0.2,0.8,0.5,0.4767767770230006,0.15134095688356625,nishimori,6,eta
0.5675,0.15,0.7,0.2,0.8,0.5,0.0108692618367942,0.09372918982208912,nishimori,6,eta
0.95,0.15,0.7,0.2,0.8,0.5,0.1805756086729748,-0.004834633630232308,nishimori,6,eta
0.86,0.15,0.7,0.2,0.8,0.5,0.1796625725399161,0.19699235053443037,nishimori,6,eta
0.5,0.15,0.7,0.2,0.8,0.5,-0.0027218245837613364,-0.0002195282581652316,nishimori,6,eta
0.8374999999999999,0.15,0.7,0.2,0.8,0.5,-0.0018432859794573037,0.2310563946947622,nishimori,6,eta
0.725,0.15,0.7,0.2,0.8,0.5,0.14649317981591795,0.13217271693280733,guess,6,eta
0.5225,0.15,0.7,0.2,0.8,0.5,0.01438420732970273,0.020861067849192973,guess,6,eta
0.77,0.15,0.7,0.2,0.8,0.5,0.4042741452655577,0.20511529347514357,guess,6,eta
0.7925,0.15,0.7,0.2,0.8,0.5,0.3088123124806224,0.01390190386254426,guess,6,eta
0.8825000000000001,0.15,0.7,0.2,0.8,0.5,0.3592928902834067,0.12754975046796538,guess,6,eta
0.6799999999999999,0.15,0.7,0.2,0.8,0.5,0.09495035220382969,0.014694836900805433,guess,6,eta
0.815,0.15,0.7,0.2,0.8,0.5,0.3786610878661088,0.06253776029429534,guess,6,eta
0.86,0.15,0.7,0.2,0.8,0.5,0.1985929732882902,0.15182916713624492,guess,6,eta
0.59,0.15,0.7,0.2,0.8,0.5,-0.010721692084897321,0.02962270320153767,guess,6,eta
0.95,0.15,0.7,0.2,0.8,0.5,0.37338871984707517,0.1645782489633805,guess,6,eta
0.6575,0.15,0.7,0.2,0.8,0.5,0.021805075996634758,0.07533666887995785,guess,6,eta
0.7025,0.15,0.7,0.2,0.8,0.5,0.16545850856115785,0.11339630542714123,guess,6,eta
0.6125,0.15,0.7,0.2,0.8,0.5,-0.003574621768290061,0.05560931209122346,guess,6,eta
0.9275,0.15,0.7,0.2,0.8,0.5,0.21574929667698073,0.25664381390753627,guess,6,eta
0.905,0.15,0.7,0.2,0.8,0.5,0.33098552497369954,0.14455450029008782,guess,6,eta
0.7475,0.15,0.7,0.2,0.8,0.5,0.17251295899382038,-0.0015073526992369114,guess,6,eta
0.545,0.15,0.7,0.2,0.8,0.5,0.33270597308303324,0.015052786888896805,guess,6,eta
0.8374999999999999,0.15,0.7,0.2,0.8,0.5,0.17773666751722378,0.18356610368967932,guess,6,eta
0.5,0.15,0.7,0.2,0.8,0.5,0.000697240824842707,0.01038684497879973,guess,6,eta
0.5675,0.15,0.7,0.2,0.8,0.5,1.6724458963752523e-05,0.078314652771103,guess,6,eta
0.635,0.15,0.7,0.2,0.8,0.5,-0.001039187312879575,0.1669487095923364,guess,6,eta
0.8,0.15,0.7,0.2,1.0250000000000001,0.5,0.3696366752757642,0.2219562085530521,nishimori,6,lambda
0.8,0.15,0.7,0.2,1.3175000000000001,0.5,0.36176148102842565,0.20592868472194403,nishimori,6,lambda
0.8,0.15,0.7,0.2,0.635,0.5,0.12684473183005784,0.3548898678154347,nishimori,6,lambda
0.8,0.15,0.7,0.2,1.415,0.5,0.3163821448470907,0.06841768935827158,nishimori,6,lambda
0.8,0.15,0.7,0.2,1.1225,0.5,0.4504566139819558,0.30570910279336005,nishimori,6,lambda
0.8,0.15,0.7,0.2,1.8050000000000002,0.5,0.47078950219186533,0.003381911053688091,nishimori,6,lambda
0.8,0.15,0.7,0.2,0.5375000000000001,0.5,-0.001754081862327858,0.19694326277212731,nishimori,6,lambda
0.8,0.15,0.7,0.2,0.34249999999999997,0.5,-0.0022802639158336574,0.1945063775036301,nishimori,6,lambda
0.8,0.15,0.7,0.2,0.9275000000000001,0.5,0.3115006912391293,0.35910364744013706,nishimori,6,lambda
0.8,0.15,0.7,0.2,0.44,0.5,-0.003399433944691538,0.24644099047822654,nishimori,6,lambda
0.8,0.15,0.7,0.2,0.05,0.5,-0.003399572879306833,0.16199054131558133,nishimori,6,lambda
0.8,0.15,0.7,0.2,0.14750000000000002,0.5,0.0008829639791490862,0.09154499748719978,nishimori,6,lambda
0.8,0.15,0.7,0.2,1.61,0.5,0.5836794216910034,0.3195073471654557,nishimori,6,lambda
0.8,0.15,0.7,0.2,1.22,0.5,0.4109433775723022,0.3524591225186258,nishimori,6,lambda
0.8,0.15,0.7,0.2,0.8300000000000001,0.5,0.2706568617067367,0.4889151764843628,nishimori,6,lambda
0.8,0.15,0.7,0.2,0.245,0.5,0.023971809878269874,0.05757950251788961,nishimori,6,lambda
0.8,0.15,0.7,0.2,1.5125000000000002,0.5,0.4668983290358738,0.3494297060918249,nishimori,6,lambda
0.8,0.15,0.7,0.2,0.7325,0.5,0.3569335246901872,0.3802698306801792,nishimori,6,lambda
0.8,0.15,0.7,0.2,2.0,0.5,0.39758731107039164,0.44824341746810104,nishimori,6,lambda
0.8,0.15,0.7,0.2,1.7075,0.5,0.46449447254614923,0.42354788069073784,nishimori,6,lambda
0.8,0.15,0.7,0.2,1.9025,0.5,0.3891733443793767,0.3764954236251189,nishimori,6,lambda
0.8,0.15,0.7,0.2,1.7075,0.5,0.49511952659651237,0.3980897895859595,guess,6,lambda
0.8,0.15,0.7,0.2,1.61,0.5,0.25234556090440136,0.38852830976393227,guess,6,lambda
0.8,0.15,0.7,0.2,1.8050000000000002,0.5,0.6100990474464618,0.35169282146605396,guess,6,lambda
0.8,0.15,0.7,0.2,0.34249999999999997,0.5,-0.0008909508317568547,-0.0025122285621201907,guess,6,lambda
0.8,0.15,0.7,0.2,2.0,0.5,0.4673347422603508,0.42911938699356744,guess,6,lambda
0.8,0.15,0.7,0.2,0.635,0.5,-0.0001317242150904443,0.1927830529521081,guess,6,lambda
0.8,0.15,0.7,0.2,1.5125000000000002,0.5,0.42790019297890336,0.002290784342209657,guess,6,lambda
0.8,0.15,0.7,0.2,0.245,0.5,0.012496808829562719,-0.004361564756856854,guess,6,lambda
0.8,0.15,0.7,0.2,0.5375000000000001,0.5,0.010870305176829877,0.038225243311474436,guess,6,lambda
0.8,0.15,0.7,0.2,1.3175000000000001,0.5,0.43342165353730044,0.3966622717962475,guess,6,lambda
0.8,0.15,0.7,0.2,0.8300000000000001,0.5,0.39385985690036307,0.19842369042020586,guess,6,lambda
0.8,0.15,0.7,0.2,0.44,0.5,-0.0038611975694330543,0.23923187336224666,guess,6,lambda
0.8,0.15,0.7,0.2,1.0250000000000001,0.5,-0.005019722506333292,0.25352722033507447,guess,6,lambda
0.8,0.15,0.7,0.2,1.9025,0.5,0.4054214955808844,0.3936192699187702,guess,6,lambda
0.8,0.15,0.7,0.2,0.05,0.5,-0.00859076166388714,0.001305169250248744,guess,6,lambda
0.8,0.15,0.7,0.2,0.14750000000000002,0.5,0.02677376550108504,0.0018559756286600053,guess,6,lambda
0.8,0.15,0.7,0.2,0.9275000000000001,0.5,0.283703933740595,0.013137631481115642,guess,6,lambda
0.8,0.15,0.7,0.2,1.415,0.5,0.41113788878396823,0.337947902653785,guess,6,lambda
0.8,0.15,0.7,0.2,1.1225,0.5,0.4304748670041812,0.2538535468547222,guess,6,lambda
0.8,0.15,0.7,0.2,1.22,0.5,0.22879170194513604,0.2592813827027919,guess,6,lambda
0.8,0.15,0.7,0.2,0.7325,0.5,0.2862451293380484,0.16827164634657632,guess,6,lambda
0.8,0.15,0.0975,0.2,0.8,0.5,0.0954908496095022,0.417224665481426,nishimori,6,gamma
0.8,0.15,0.525,0.2,0.8,0.5,0.17799194807031027,0.31180607589953335,nishimori,6,gamma
0.8,0.15,0.43,0.2,0.8,0.5,0.04126815622800131,0.33123623053805445,nishimori,6,gamma
0.8,0.15,0.6675000000000001,0.2,0.8,0.5,-0.024756965193671533,0.24774360258614997,nishimori,6,gamma
0.8,0.15,0.8575,0.2,0.8,0.5,0.13001314924391846,0.132160999012276,nishimori,6,gamma
0.8,0.15,1.0,0.2,0.8,0.5,0.022324747019968654,0.27901641682499295,nishimori,6,gamma
0.8,0.15,0.5725,0.2,0.8,0.5,0.20607641527780127,0.19868853011976292,nishimori,6,gamma
0.8,0.15,0.9525,0.2,0.8,0.5,0.08704533818488042,-0.005116825969266815,nishimori,6,gamma
0.8,0.15,0.7150000000000001,0.2,0.8,0.5,0.22925100286712688,0.047688460194395994,nishimori,6,gamma
0.8,0.15,0.7625000000000001,0.2,0.8,0.5,-0.01729333273959362,0.4136214093812059,nishimori,6,gamma
0.8,0.15,0.905,0.2,0.8,0.5,0.24674716639437613,0.26437013969780593,nishimori,6,gamma
0.8,0.15,0.81,0.2,0.8,0.5,0.27561021853103224,0.31314929477267833,nishimori,6,gamma
0.8,0.15,0.14500000000000002,0.2,0.8,0.5,-0.00881307242856003,0.18812815113490677,nishimori,6,gamma
0.8,0.15,0.05,0.2,0.8,0.5,-0.017216077883961487,0.7073815887361199,nishimori,6,gamma
0.8,0.15,0.335,0.2,0.8,0.5,0.2330873647788105,0.2481276776662197,nishimori,6,gamma
0.8,0.15,0.3825,0.2,0.8,0.5,0.20597981947862423,0.5357011735872634,nishimori,6,gamma
0.8,0.15,0.24,0.2,0.8,0.5,0.06327445293962562,0.22711810942064636,nishimori,6,gamma
0.8,0.15,0.4775,0.2,0.8,0.5,-0.01075272354086627,0.24170830058755285,nishimori,6,gamma
0.8,0.15,0.1925,0.2,0.8,0.5,0.0074411644674193984,0.2649836525413695,nishimori,6,gamma
0.8,0.15,0.6200000000000001,0.2,0.8,0.5,0.1587794816652476,-0.004176991150442478,nishimori,6,gamma
0.8,0.15,0.2875,0.2,0.8,0.5,0.2477873892130924,0.34215500945179583,nishimori,6,gamma
0.8,0.15,0.7150000000000001,0.2,0.8,0.5,0.11167621348797602,0.23119773331666668,guess,6,gamma
0.8,0.15,0.2875,0.2,0.8,0.5,0.12737072906353628,0.3960495723143798,guess,6,gamma
0.8,0.15,0.6675000000000001,0.2,0.8,0.5,0.3051339741194491,0.2214547124431608,guess,6,gamma
0.8,0.15,0.6200000000000001,0.2,0.8,0.5,0.2541406925543887,0.323786536388137,guess,6,gamma
0.8,0.15,0.81,0.2,0.8,0.5,0.1525544270101569,0.13756224721764246,guess,6,gamma
0.8,0.15,0.5725,0.2,0.8,0.5,-0.0008503100088573959,0.16491150691894554,guess,6,gamma
0.8,0.15,0.0975,0.2,0.8,0.5,0.006042979479722088,0.3316582914572864,guess,6,gamma
0.8,0.15,0.3825,0.2,0.8,0.5,0.052383026283339545,0.16758520781337344,guess,6,gamma
0.8,0.15,0.05,0.2,0.8,0.5,0.14218498967179252,0.3958093171492507,guess,6,gamma
0.8,0.15,0.905,0.2,0.8,0.5,0.29621974312459864,0.31527402344539557,guess,6,gamma
0.8,0.15,0.9525,0.2,0.8,0.5,0.10947300144008189,0.21073253376793294,guess,6,gamma
0.8,0.15,0.4775,0.2,0.8,0.5,0.03461449298927583,0.24284472044737793,guess,6,gamma
0.8,0.15,0.14500000000000002,0.2,0.8,0.5,0.02478365686096905,0.1926063929999372,guess,6,gamma
0.8,0.15,0.7625000000000001,0.2,0.8,0.5,0.14183167725929693,-0.0030872754951091334,guess,6,gamma
0.8,0.15,0.43,0.2,0.8,0.5,0.28458295442209436,0.20893175540767858,guess,6,gamma
0.8,0.15,0.335,0.2,0.8,0.5,0.09776810714879722,0.33019913916071286,guess,6,gamma
0.8,0.15,0.525,0.2,0.8,0.5,0.02629802841960664,0.42932885464005793,guess,6,gamma
0.8,0.15,0.8575,0.2,0.8,0.5,0.11290112379045765,0.1926478255326416,guess,6,gamma
0.8,0.15,0.24,0.2,0.8,0.5,0.006098467773714962,0.11537235027986632,guess,6,gamma
0.8,0.15,0.1925,0.2,0.8,0.5,0.023157831968522866,0.2615252158939706,guess,6,gamma
0.8,0.15,1.0,0.2,0.8,0.5,0.37947797975146136,0.18734352396890033,guess,6,gamma
0.5675,0.15,0.7,0.2,0.8,0.5,0.04305869755955576,0.05858727064505377,nishimori,7,eta
0.9275,0.15,0.7,0.2,0.8,0.5,0.3685080577100695,0.46767057123063543,nishimori,7,eta
0.86,0.15,0.7,0.2,0.8,0.5,0.2387625748677095,0.2888852883992223,nishimori,7,eta
0.905,0.15,0.7,0.2,0.8,0.5,0.28628039244640663,0.2334102678513032,nishimori,7,eta
0.635,0.15,0.7,0.2,0.8,0.5,0.11907855782386423,-0.004324753342278031,nishimori,7,eta
0.6799999999999999,0.15,0.7,0.2,0.8,0.5,0.00035643999863491067,0.14266985777222213,nishimori,7,eta
0.725,0.15,0.7,0.2,0.8,0.5,0.08538456313562676,0.2279876909925557,nishimori,7,eta
0.8825000000000001,0.15,0.7,0.2,0.8,0.5,0.023573085637258906,0.31864685976044066,nishimori,7,eta
0.95,0.15,0.7,0.2,0.8,0.5,0.20552503710141978,0.2326255978529704,nishimori,7,eta
0.6125,0.15,0.7,0.2,0.8,0.5,0.19067729946969864,0.06049690443596951,nishimori,7,eta
0.6575,0.15,0.7,0.2,0.8,0.5,0.005217961764299587,0.3307158354759754,nishimori,7,eta
0.8374999999999999,0.15,0.7,0.2,0.8,0.5,-0.009825521166434505,0.031257869025835584,nishimori,7,eta
0.7475,0.15,0.7,0.2,0.8,0.5,-0.003198826668038985,0.1338887832716199,nishimori,7,eta
0.5,0.15,0.7,0.2,0.8,0.5,-0.0004976284892310085,0.021715483611815953,nishimori,7,eta
0.77,0.15,0.7,0.2,0.8,0.5,0.32896953345222496,0.4135388167165177,nishimori,7,eta
0.815,0.15,0.7,0.2,0.8,0.5,-0.010744683634468335,0.3669506313675736,nishimori,7,eta
0.7025,0.15,0.7,0.2,0.8,0.5,0.16115959775808675,0.013483035671113,nishimori,7,eta
0.7925,0.15,0.7,0.2,0.8,0.5,0.23341394462456305,0.25393104247688547,nishimori,7,eta
0.59,0.15,0.7,0.2,0.8,0.5,0.17015335244701618,-0.0035554897823143676,nishimori,7,eta
0.5225,0.15,0.7,0.2,0.8,0.5,0.025714285714285714,0.012222222222222223,nishimori,7,eta
0.545,0.15,0.7,0.2,0.8,0.5,0.005600757757293088,0.015359766970896697,nishimori,7,eta
0.86,0.15,0.7,0.2,0.8,0.5,0.373390804015134,0.22498624014140778,guess,7,eta
0.95,0.15,0.7,0.2,0.8,0.5,0.15535194053098453,0.28443088830786195,guess,7,eta
0.77,0.15,0.7,0.2,0.8,0.5,0.332014390389502,0.10481118262984084,guess,7,eta
0.8825000000000001,0.15,0.7,0.2,0.8,0.5,0.2778144866367686,0.16926928664760008,guess,7,eta
0.8374999999999999,0.15,0.7,0.2,0.8,0.5,0.30447454557058584,0.2557774422925749,guess,7,eta
0.5225,0.15,0.7,0.2,0.8,0.5,-0.00653236107075035,0.11719213783695068,guess,7,eta
0.7475,0.15,0.7,0.2,0.8,0.5,0.224220993119788,0.23582122242836528,guess,7,eta
0.725,0.15,0.7,0.2,0.8,0.5,0.21642658211254556,0.011687614927357782,guess,7,eta
0.815,0.15,0.7,0.2,0.8,0.5,0.20900339771763599,0.2384491157774637,guess,7,eta
0.9275,0.15,0.7,0.2,0.8,0.5,0.24357876501856585,0.13771024536629828,guess,7,eta
0.59,0.15,0.7,0.2,0.8,0.5,-0.012992374238444545,0.03535423624105792,guess,7,eta
0.6799999999999999,0.15,0.7,0.2,0.8,0.5,0.025050913267413787,0.16138192499681997,guess,7,eta
0.905,0.15,0.7,0.2,0.8,0.5,0.04184080237743928,0.35474552897776174,guess,7,eta
0.7925,0.15,0.7,0.2,0.8,0.5,0.14996043727652003,0.21877639243067595,guess,7,eta
0.5,0.15,0.7,0.2,0.8,0.5,-0.0013036249823107123,0.021944540288793453,guess,7,eta
0.545,0.15,0.7,0.2,0.8,0.5,0.012693803474202748,0.01120807699163329,guess,7,eta
0.5675,0.15,0.7,0.2,0.8,0.5,0.0008265375008455293,0.046420510262014776,guess,7,eta
0.6575,0.15,0.7,0.2,0.8,0.5,0.1938163227730003,0.01788774969615756,guess,7,eta
0.635,0.15,0.7,0.2,0.8,0.5,0.17614534586495734,0.057238665030258346,guess,7,eta
0.7025,0.15,0.7,0.2,0.8,0.5,0.07786091472806021,0.03225016917525076,guess,7,eta
0.6125,0.15,0.7,0.2,0.8,0.5,0.16412356950784818,0.03925037198818549,guess,7,eta
0.8,0.15,0.7,0.2,1.61,0.5,0.5199829150336638,0.3614887285188701,nishimori,7,lambda
0.8,0.15,0.7,0.2,0.9275000000000001,0.5,0.1812693206588455,0.34172415055992467,nishimori,7,lambda
0.8,0.15,0.7,0.2,1.7075,0.5,0.39529974611214597,0.27131939691718066,nishimori,7,lambda
0.8,0.15,0.7,0.2,1.8050000000000002,0.5,0.5331726558114573,0.3063109127498518,nishimori,7,lambda
0.8,0.15,0.7,0.2,2.0,0.5,0.42827087286278914,0.4942109252683556,nishimori,7,lambda
0.8,0.15,0.7,0.2,1.22,0.5,0.36165716807856246,0.24872437732931907,nishimori,7,lambda
0.8,0.15,0.7,0.2,1.5125000000000002,0.5,0.29551843604769196,0.4373934796322161,nishimori,7,lambda
0.8,0.15,0.7,0.2,0.44,0.5,-8.931906393620995e-05,0.28407135069094813,nishimori,7,lambda
0.8,0.15,0.7,0.2,0.34249999999999997,0.5,0.010322969918263196,0.025884719988328617,nishimori,7,lambda
0.8,0.15,0.7,0.2,1.0250000000000001,0.5,0.3384663610925085,0.28877051619364147,nishimori,7,lambda
0.8,0.15,0.7,0.2,0.05,0.5,-0.015507240212558704,0.2952481814800628,nishimori,7,lambda
0.8,0.15,0.7,0.2,0.5375000000000001,0.5,0.03290885561034989,-0.004804280622191045,nishimori,7,lambda
0.8,0.15,0.7,0.2,0.7325,0.5,-0.01081019060132107,0.3590026840550618,nishimori,7,lambda
0.8,0.15,0.7,0.2,1.415,0.5,0.39142495521615533,0.49088844624413774,nishimori,7,lambda
0.8,0.15,0.7,0.2,0.635,0.5,0.18454734008848098,0.21302482657793456,nishimori,7,lambda
0.8,0.15,0.7,0.2,0.245,0.5,-0.0029025507620262267,0.04628659913519432,nishimori,7,lambda
0.8,0.15,0.7,0.2,1.1225,0.5,0.008041406579736544,0.16821240188981942,nishimori,7,lambda
0.8,0.15,0.7,0.2,1.3175000000000001,0.5,0.4042919190589733,0.2855158784019217,nishimori,7,lambda
0.8,0.15,0.7,0.2,0.8300000000000001,0.5,0.14301479080116627,-0.0043401537151272354,nishimori,7,lambda
0.8,0.15,0.7,0.2,1.9025,0.5,0.555022265023832,0.5005831708694221,nishimori,7,lambda
0.8,0.15,0.7,0.2,0.14750000000000002,0.5,0.005901568801494663,0.008394224042467311,nishimori,7,lambda
0.8,0.15,0.7,0.2,0.7325,0.5,0.3126194451980124,0.13916384197011594,guess,7,lambda
0.8,0.15,0.7,0.2,0.9275000000000001,0.5,0.2798483121669442,0.1984089154227581,guess,7,lambda
0.8,0.15,0.7,0.2,0.34249999999999997,0.5,0.00106723073255002,0.21447038130260832,guess,7,lambda
0.8,0.15,0.7,0.2,1.3175000000000001,0.5,0.45173115461072083,0.25531246671418173,guess,7,lambda
0.8,0.15,0.7,0.2,2.0,0.5,0.5231061386350301,0.3749536299561394,guess,7,lambda
0.8,0.15,0.7,0.2,0.5375000000000001,0.5,0.006061214082081379,0.13081151463491572,guess,7,lambda
0.8,0.15,0.7,0.2,1.61,0.5,0.31900763802724136,0.45749017620152066,guess,7,lambda
0.8,0.15,0.7,0.2,1.5125000000000002,0.5,0.423538504306954,0.33488745629388583,guess,7,lambda
0.8,0.15,0.7,0.2,0.05,0.5,0.007639900894481918,0.016071684537327876,guess,7,lambda
0.8,0.15,0.7,0.2,0.635,0.5,0.045231722254498244,0.2402319044549755,guess,7,lambda
0.8,0.15,0.7,0.2,0.44,0.5,0.014272437339035243,0.09230871287504028,guess,7,lambda
0.8,0.15,0.7,0.2,1.8050000000000002,0.5,0.4461407605172841,0.4461819118106268,guess,7,lambda
0.8,0.15,0.7,0.2,0.245,0.5,0.012595692697988412,0.0150578383483312,guess,7,lambda
0.8,0.15,0.7,0.2,1.0250000000000001,0.5,0.352464041028951,0.005608688604311882,guess,7,lambda
0.8,0.15,0.7,0.2,1.415,0.5,0.47975530254130644,0.4417485390780957,guess,7,lambda
0.8,0.15,0.7,0.2,1.7075,0.5,0.39529364376029436,0.265817926037446,guess,7,lambda
0.8,0.15,0.7,0.2,1.22,0.5,0.42998490636426506,0.3294459711719443,guess,7,lambda
0.8,0.15,0.7,0.2,0.8300000000000001,0.5,0.25123305662320367,0.006927387809770559,guess,7,lambda
0.8,0.15,0.7,0.2,0.14750000000000002,0.5,-0.002235954032944997,0.03758800122436486,guess,7,lambda
0.8,0.15,0.7,0.2,1.1225,0.5,0.22561798550371123,0.19448795516857242,guess,7,lambda
0.8,0.15,0.7,0.2,1.9025,0.5,0.44584221915031746,0.040925999437338,guess,7,lambda
0.8,0.15,0.3825,0.2,0.8,0.5,0.0715991127218497,0.15978516749120164,nishimori,7,gamma
0.8,0.15,0.7150000000000001,0.2,0.8,0.5,0.00851465139777703,0.3971949534923762,nishimori,7,gamma
0.8,0.15,0.81,0.2,0.8,0.5,0.1919946780114817,0.24034081860622283,nishimori,7,gamma
0.8,0.15,0.6675000000000001,0.2,0.8,0.5,-0.000845654574344887,0.1784922945968815,nishimori,7,gamma
0.8,0.15,0.05,0.2,0.8,0.5,0.18323549225291116,0.39468997948267615,nishimori,7,gamma
0.8,0.15,0.4775,0.2,0.8,0.5,0.02454251562604317,0.01844134708230769,nishimori,7,gamma
0.8,0.15,0.14500000000000002,0.2,0.8,0.5,0.12727000096541155,0.24185758177568226,nishimori,7,gamma
0.8,0.15,0.7625000000000001,0.2,0.8,0.5,0.09461939241357312,0.28324629068571683,nishimori,7,gamma
0.8,0.15,0.43,0.2,0.8,0.5,0.13099937285571991,0.3622251149393453,nishimori,7,gamma
0.8,0.15,0.0975,0.2,0.8,0.5,0.06590202378658779,0.40049286199864037,nishimori,7,gamma
0.8,0.15,0.2875,0.2,0.8,0.5,0.012397855739195145,0.24757377898196214,nishimori,7,gamma
0.8,0.15,0.5725,0.2,0.8,0.5,0.15303023052215844,0.19385715492244024,nishimori,7,gamma
0.8,0.15,0.335,0.2,0.8,0.5,0.3091548300107935,0.22023912325251774,nishimori,7,gamma
0.8,0.15,0.1925,0.2,0.8,0.5,-0.006973937145156243,0.2524601547157938,nishimori,7,gamma
0.8,0.15,0.8575,0.2,0.8,0.5,0.15095914595861354,0.13132149583178346,nishimori,7,gamma
0.8,0.15,0.525,0.2,0.8,0.5,0.01072700769841345,0.38080465731948065,nishimori,7,gamma
0.8,0.15,0.9525,0.2,0.8,0.5,0.0012041772817738027,0.015136630297324429,nishimori,7,gamma
0.8,0.15,0.905,0.2,0.8,0.5,-0.0016089720176854065,0.34734557557803714,nishimori,7,gamma
0.8,0.15,1.0,0.2,0.8,0.5,0.38605974283034583,-0.005186027485272381,nishimori,7,gamma
0.8,0.15,0.6200000000000001,0.2,0.8,0.5,0.36592986162480645,0.2964719260989262,nishimori,7,gamma
0.8,0.15,0.24,0.2,0.8,0.5,0.030184217618472186,0.3628900406998991,nishimori,7,gamma
0.8,0.15,0.24,0.2,0.8,0.5,0.17329946373130115,0.2895645655065118,guess,7,gamma
0.8,0.15,0.2875,0.2,0.8,0.5,-4.077672501888647e-05,0.1906998735725519,guess,7,gamma
0.8,0.15,0.8575,0.2,0.8,0.5,0.3220238809174916,0.032452320574880206,guess,7,gamma
0.8,0.15,0.4775,0.2,0.8,0.5,-0.005084313225103551,0.19186016310840995,guess,7,gamma
0.8,0.15,0.1925,0.2,0.8,0.5,0.10345053428115128,0.037426407651015785,guess,7,gamma
0.8,0.15,0.81,0.2,0.8,0.5,0.1757083989307186,0.18323782242021042,guess,7,gamma
0.8,0.15,0.05,0.2,0.8,0.5,0.15944130441215637,0.1596588934004896,guess,7,gamma
0.8,0.15,0.905,0.2,0.8,0.5,0.3339524425206588,0.2788535104784419,guess,7,gamma
0.8,0.15,0.6675000000000001,0.2,0.8,0.5,0.26485115512443247,0.3221192677180508,guess,7,gamma
0.8,0.15,1.0,0.2,0.8,0.5,0.0879215222670924,0.011652304540798908,guess,7,gamma
0.8,0.15,0.3825,0.2,0.8,0.5,0.24391648008537448,0.41147390282932145,guess,7,gamma
0.8,0.15,0.14500000000000002,0.2,0.8,0.5,0.12223117592719983,0.21886337541173445,guess,7,gamma
0.8,0.15,0.7625000000000001,0.2,0.8,0.5,0.011756679284294148,0.24166168619272838,guess,7,gamma
0.8,0.15,0.43,0.2,0.8,0.5,0.034171787670661515,0.14479863531854928,guess,7,gamma
0.8,0.15,0.9525,0.2,0.8,0.5,0.2715767654023546,0.24028356622747618,guess,7,gamma
0.8,0.15,0.0975,0.2,0.8,0.5,0.04853797399160712,0.5036845002397144,guess,7,gamma
0.8,0.15,0.7150000000000001,0.2,0.8,0.5,0.10855670713390313,0.17071909687655965,guess,7,gamma
0.8,0.15,0.525,0.2,0.8,0.5,0.0011343094955689416,0.14128739460321554,guess,7,gamma
0.8,0.15,0.6200000000000001,0.2,0.8,0.5,0.2510832114115288,0.3028970896010133,guess,7,gamma
0.8,0.15,0.335,0.2,0.8,0.5,0.050861014284819574,0.3338614516544047,guess,7,gamma
0.8,0.15,0.5725,0.2,0.8,0.5,0.2301674482404831,0.19562950613084717,guess,7,gamma
0.5675,0.15,0.7,0.2,0.8,0.5,0.0006718765464812364,0.0616221088513069,nishimori,8,eta
0.6575,0.15,0.7,0.2,0.8,0.5,-0.01316909815467331,0.12578251403710622,nishimori,8,eta
0.635,0.15,0.7,0.2,0.8,0.5,0.0009211135726304264,0.2862744556564858,nishimori,8,eta
0.905,0.15,0.7,0.2,0.8,0.5,0.2602994347166666,0.16544788565401697,nishimori,8,eta
0.9275,0.15,0.7,0.2,0.8,0.5,0.09858800775004284,0.3432023044133379,nishimori,8,eta
